model,corruption,severity,n,accuracy,accuracy_ci95_low,accuracy_ci95_high,errors,ece,mean_confidence,mean_confidence_when_wrong,n_errors_behind_that_mean
finetune_s0,gaussian_noise,1,2169,0.8566159520516367,0.8412357694325487,0.8707351353954884,311,0.0946794149377594,0.9512142390410327,0.833597629903537,311
finetune_s0,gaussian_noise,2,2169,0.5532503457814661,0.5322517172021848,0.5740606803513231,969,0.2931812484555094,0.8461515622498846,0.785426918998968,969
finetune_s0,gaussian_noise,3,2169,0.13692946058091288,0.12310227455083421,0.15204046940252167,1872,0.468039169174735,0.6049686297556478,0.5821217502564103,1872
finetune_s0,jpeg,1,2169,0.9935454126325496,0.9891943847493256,0.9961512566448747,14,0.0023454387505762765,0.9949054436652836,0.7279079085714287,14
finetune_s0,jpeg,2,2169,0.9442139234670355,0.9337463593430337,0.9531107405946699,121,0.025050521290917546,0.9679570966804979,0.7673582083471073,121
finetune_s0,jpeg,3,2169,0.7556477639465191,0.7371221319457363,0.7732694216769483,530,0.1215986505624712,0.8735587958183495,0.7098962035471698,530
finetune_s0,low_light,1,2169,0.9064084831719686,0.8934220997666646,0.9179578001763409,203,0.06632830584140167,0.9702717264407561,0.8524649664039409,203
finetune_s0,low_light,2,2169,0.6104195481788843,0.589718629566025,0.6307300216380021,845,0.26324603842323646,0.8692786370308898,0.8153181583668638,845
finetune_s0,low_light,3,2169,0.1396957123098202,0.12574210673734176,0.15492335916684563,1866,0.4682866897971415,0.6079824021069618,0.5845808268060021,1866
finetune_s0,motion_blur,1,2169,0.9797141539880129,0.9728779191752516,0.9848541124647906,44,0.012969455624711933,0.986259681406178,0.8219600595454547,44
finetune_s0,motion_blur,2,2169,0.8367911479944675,0.8206453169515726,0.8517460805621717,354,0.09664899085753813,0.9324650952005532,0.7872210183333331,354
finetune_s0,motion_blur,3,2169,0.5781466113416321,0.5572425162175244,0.5987743788934677,915,0.30656458196864916,0.8847111933102811,0.8162731862076502,915
finetune_s0,none,0,2169,0.9990779160903642,0.9966439850990824,0.9997471001967809,2,0.0006516256846471208,0.9995945843291838,0.959171085,2
finetune_s1,gaussian_noise,1,2169,0.8132780082987552,0.7963292872791873,0.8291189736524885,405,0.131235269197787,0.9423667468649147,0.8565168328888889,405
finetune_s1,gaussian_noise,2,2169,0.4153988012909175,0.3948271329223038,0.43626962074809733,1268,0.43969571501152616,0.8541558237067773,0.8219193461829651,1268
finetune_s1,gaussian_noise,3,2169,0.12770862148455508,0.11431736104589062,0.14241630973802663,1892,0.5380332256938681,0.6657418471784232,0.65255634544926,1892
finetune_s1,jpeg,1,2169,0.9986168741355463,0.995941119745811,0.9995295118915803,3,0.002118239017980553,0.9982559306270169,0.9858019533333332,3
finetune_s1,jpeg,2,2169,0.9529737206085753,0.9432356179501653,0.9611101014985051,102,0.01847912365606261,0.9714160390179806,0.7354477213725489,102
finetune_s1,jpeg,3,2169,0.7611802674043338,0.742785004411132,0.7786519931132158,518,0.1111139168234209,0.8722941842277547,0.6892582611196911,518
finetune_s1,low_light,1,2169,0.8861226371599815,0.8720655745817527,0.8988143643884878,247,0.07881302604887047,0.9635402551590595,0.8628426772874495,247
finetune_s1,low_light,2,2169,0.4541263254956201,0.4332721053046583,0.47514275567738484,1184,0.4197478324066389,0.8738741579022592,0.8395328156334458,1184
finetune_s1,low_light,3,2169,0.13047487321346243,0.11695041950851,0.1453059732262388,1886,0.5520872784186261,0.6825621516320884,0.6696508249257688,1886
finetune_s1,motion_blur,1,2169,0.9857076994006455,0.9797848587676449,0.9899130704325326,31,0.008386600023052223,0.9929677279806362,0.8836087906451613,31
finetune_s1,motion_blur,2,2169,0.8201936376210235,0.8034702066140815,0.8357848591946733,390,0.11137515505301984,0.931502947021669,0.794010094025641,390
finetune_s1,motion_blur,3,2169,0.5643153526970954,0.5433521468377481,0.5850511385190861,945,0.3127077383448594,0.8768052684140156,0.8034660411534392,945
finetune_s1,none,0,2169,0.9986168741355463,0.995941119745811,0.9995295118915803,3,0.0011441206869525781,0.9995604578930383,0.7810799666666667,3
finetune_s42,gaussian_noise,1,2169,0.8123559243891194,0.7953778124374302,0.8282295411773017,407,0.12780601424619642,0.9399425221023513,0.8369414226781325,407
finetune_s42,gaussian_noise,2,2169,0.4859382203780544,0.46494754292537166,0.5069786204912347,1115,0.33851027550945134,0.8240121678561549,0.762398392367713,1115
finetune_s42,gaussian_noise,3,2169,0.13462425080682341,0.12090391772795359,0.14963655793304256,1877,0.40998861446288615,0.5438103534854772,0.5010727151944593,1877
finetune_s42,jpeg,1,2169,0.9953895804518211,0.9915336621418143,0.9974937938862736,10,0.0033505235085290277,0.9940141544444443,0.8271511479999999,10
finetune_s42,jpeg,2,2169,0.9479022591055786,0.9377328592358016,0.9564878699696775,113,0.016871627431996432,0.9537455222867681,0.7082841182300884,113
finetune_s42,jpeg,3,2169,0.7648686030428768,0.7465625467920236,0.7822380800000996,510,0.04556476008990319,0.8009011034140157,0.564545322137255,510
finetune_s42,low_light,1,2169,0.875979714153988,0.8614399341220947,0.8891900243617635,269,0.08054451683725225,0.9560089568280314,0.8504864852416358,269
finetune_s42,low_light,2,2169,0.5504840940525588,0.5294782464802075,0.5713114291224688,975,0.2931339451037345,0.8436180391562932,0.7753620068512821,975
finetune_s42,low_light,3,2169,0.13831258644536654,0.12442194740239333,0.1534821575263783,1869,0.4190236183771323,0.5573362048224988,0.5144916338523274,1869
finetune_s42,motion_blur,1,2169,0.9820193637621023,0.9755151977846568,0.986819102147745,39,0.008615418478561534,0.9893306698478563,0.8025035615384615,39
finetune_s42,motion_blur,2,2169,0.8533886583679114,0.8378777238754426,0.8676500053432911,318,0.07415861886583683,0.9269260324850161,0.7589435020125785,318
finetune_s42,motion_blur,3,2169,0.5850622406639004,0.5641939375316722,0.6056297624563987,900,0.27329123616413087,0.8583534768280313,0.755621596111111,900
finetune_s42,none,0,2169,0.9986168741355463,0.995941119745811,0.9995295118915803,3,0.0015522921392347505,0.9985312729414476,0.85900169,3
linear_probe_s0,gaussian_noise,1,2169,0.8958045182111573,0.882239533406588,0.9079699323915633,226,0.08056179631166441,0.9751697798340249,0.8775005936725665,226
linear_probe_s0,gaussian_noise,2,2169,0.7786998616874136,0.7607452420433288,0.7956689945029524,480,0.1809610812402029,0.9596609429276165,0.8865726928125,480
linear_probe_s0,gaussian_noise,3,2169,0.4227754725680037,0.4021399876529663,0.4436840245529856,1252,0.516717039174735,0.9394925117427387,0.9162839126198082,1252
linear_probe_s0,jpeg,1,2169,0.9594283079760259,0.9502805336728716,0.9669515369944058,88,0.022802447012448157,0.9803396851406179,0.8120227145454546,88
linear_probe_s0,jpeg,2,2169,0.8326417704011065,0.8163464379791282,0.8477608766083687,363,0.12216053446749651,0.9548023048686032,0.841912591046832,363
linear_probe_s0,jpeg,3,2169,0.6376210235131397,0.6171644507107591,0.6575909663431118,786,0.3024763842876903,0.9398496965698478,0.8859179003689568,786
linear_probe_s0,low_light,1,2169,0.8930382664822499,0.8793293574565718,0.9053573863907479,232,0.07906959248040571,0.9721078589626557,0.8658493724999999,232
linear_probe_s0,low_light,2,2169,0.7842323651452282,0.7664260680577168,0.8010336123902275,468,0.17723830259105577,0.9614706677362839,0.8872756780555555,468
linear_probe_s0,low_light,3,2169,0.4389119409866298,0.4181533270859648,0.4598865631665047,1217,0.5014081055786075,0.9403200465652374,0.916726808660641,1217
linear_probe_s0,motion_blur,1,2169,0.9059474412171508,0.8929349620620836,0.91752448422245,204,0.06637148576302437,0.9723189269801752,0.8375172071078432,204
linear_probe_s0,motion_blur,2,2169,0.7464269248501614,0.7276929548996761,0.7642895255535701,550,0.20574127530659297,0.9521682001567542,0.8676898141090909,550
linear_probe_s0,motion_blur,3,2169,0.5449515905947441,0.5239332608945257,0.5658109708064873,987,0.3897031162886123,0.9346547068833563,0.8900448411752787,987
linear_probe_s0,none,0,2169,0.9820193637621023,0.9755151977846568,0.986819102147745,39,0.007808501811894977,0.9898278655739972,0.737895882820513,39
linear_probe_s1,gaussian_noise,1,2169,0.8773628400184417,0.8628870418499096,0.8905042776093645,266,0.09207148158598435,0.9687742370493315,0.8737267862030075,266
linear_probe_s1,gaussian_noise,2,2169,0.7385892116182573,0.7196866834590869,0.7566480848001365,567,0.21608263628400182,0.9535062939603504,0.8809023413932979,567
linear_probe_s1,gaussian_noise,3,2169,0.3946519133241125,0.37428543723542296,0.4153909018037413,1313,0.5344735890456431,0.9291255023697556,0.9056380293602436,1313
linear_probe_s1,jpeg,1,2169,0.9580451821115722,0.9487665775062684,0.9657041321855933,91,0.02059702788842782,0.978007173826648,0.7821785641758241,91
linear_probe_s1,jpeg,2,2169,0.8395573997233748,0.8235132140784462,0.8544009053861297,348,0.10702371641770414,0.9465466874458276,0.8163463561206897,348
linear_probe_s1,jpeg,3,2169,0.6523743660673121,0.6320793604538835,0.6721305736710892,754,0.2774179745781465,0.929490517704011,0.8700651154641909,754
linear_probe_s1,low_light,1,2169,0.8736745043798986,0.859029325550213,0.8869983646412856,274,0.09281143374827108,0.9664859381281696,0.8558121940875912,274
linear_probe_s1,low_light,2,2169,0.7551867219917012,0.7366504097615402,0.7728206902026725,531,0.1999371027662518,0.9548798612263716,0.8897662673446328,531
linear_probe_s1,low_light,3,2169,0.4149377593360996,0.3943702375436014,0.4358060624683278,1269,0.5157895012863072,0.9307272606224066,0.9052444028684004,1269
linear_probe_s1,motion_blur,1,2169,0.8962655601659751,0.8827248326694312,0.908405086787192,225,0.07156513390041497,0.9678306940663901,0.8230402740444445,225
linear_probe_s1,motion_blur,2,2169,0.7132319041032734,0.6938350113937515,0.7318748056495159,622,0.2379536829276163,0.9505508913001381,0.8857285811897108,622
linear_probe_s1,motion_blur,3,2169,0.5048409405255878,0.4838095253996217,0.5258552380143335,1074,0.4345431790133703,0.9393841195389581,0.9069225080633146,1074
linear_probe_s1,none,0,2169,0.9801751959428308,0.9734037216991194,0.9852487635993947,43,0.010678002932226704,0.9884031408852006,0.7666699269767442,43
linear_probe_s42,gaussian_noise,1,2169,0.8958045182111573,0.882239533406588,0.9079699323915633,226,0.07380182245735362,0.9687929193775932,0.8463208700442477,226
linear_probe_s42,gaussian_noise,2,2169,0.7869986168741355,0.7692682014423079,0.8037142009564681,462,0.1697017137436606,0.9567003306177962,0.8768477307359308,462
linear_probe_s42,gaussian_noise,3,2169,0.433840479483633,0.41311814062748625,0.45479675938179204,1228,0.49248714299677265,0.9263276224804057,0.8971951456433225,1228
linear_probe_s42,jpeg,1,2169,0.9626556016597511,0.9538233489560154,0.9698518973205655,81,0.020858188414015603,0.9813157956154911,0.8188672681481483,81
linear_probe_s42,jpeg,2,2169,0.8423236514522822,0.8263827318546683,0.8570541095607392,342,0.10807310781927146,0.9488453826556015,0.8238522354093567,342
linear_probe_s42,jpeg,3,2169,0.6468418626094975,0.6264838240021705,0.666680666221139,766,0.2837465050484093,0.9305883676579068,0.8714144850391646,766
linear_probe_s42,low_light,1,2169,0.8898109727985246,0.8759375693820551,0.9023059988559609,239,0.07535293822037803,0.9651639110189029,0.8245234194142259,239
linear_probe_s42,low_light,2,2169,0.7869986168741355,0.7692682014423079,0.8037142009564681,462,0.16686960901337022,0.9536306778284923,0.8714754221428572,462
linear_probe_s42,low_light,3,2169,0.45873674504379897,0.4378574468688506,0.4797619506979118,1174,0.4688063264269247,0.9275430714707239,0.9046731218994891,1174
linear_probe_s42,motion_blur,1,2169,0.8948824343015215,0.8812691680404569,0.9070993904407506,228,0.07326498796680496,0.9677536161549101,0.8367942296491229,228
linear_probe_s42,motion_blur,2,2169,0.7123098201936376,0.692896361468358,0.7309725482579655,624,0.23442565166436152,0.9467354718579992,0.8801763872275641,624
linear_probe_s42,motion_blur,3,2169,0.5232826187183034,0.5022403801604771,0.5442425295923554,1034,0.41367048074688795,0.9369530994651913,0.898276213172147,1034
linear_probe_s42,none,0,2169,0.9843245735361917,0.9781755467899055,0.988761021434856,34,0.008039575878284726,0.9897481623420931,0.7493099373529413,34
