model,corruption,severity,true_class,predicted_class,count,same_crop
finetune_s0,gaussian_noise,1,Tomato___Bacterial_spot,Tomato___Septoria_leaf_spot,72,True
finetune_s0,gaussian_noise,1,Tomato___Target_Spot,Tomato___Septoria_leaf_spot,37,True
finetune_s0,gaussian_noise,1,Tomato___Early_blight,Tomato___Septoria_leaf_spot,28,True
finetune_s0,gaussian_noise,1,Tomato___Late_blight,Tomato___Septoria_leaf_spot,26,True
finetune_s0,gaussian_noise,1,Tomato___Spider_mites_Two-spotted_spider_mite,Tomato___Septoria_leaf_spot,26,True
finetune_s0,gaussian_noise,1,Tomato___healthy,Tomato___Septoria_leaf_spot,22,True
finetune_s0,gaussian_noise,1,Soybean___healthy,Tomato___Septoria_leaf_spot,12,False
finetune_s0,gaussian_noise,1,Peach___healthy,Peach___Bacterial_spot,9,True
finetune_s0,gaussian_noise,1,Tomato___Leaf_Mold,Tomato___Septoria_leaf_spot,6,True
finetune_s0,gaussian_noise,1,Tomato___Tomato_Yellow_Leaf_Curl_Virus,Tomato___Tomato_mosaic_virus,6,True
finetune_s0,gaussian_noise,2,Soybean___healthy,Tomato___Septoria_leaf_spot,148,False
finetune_s0,gaussian_noise,2,Tomato___Bacterial_spot,Tomato___Septoria_leaf_spot,68,True
finetune_s0,gaussian_noise,2,Tomato___Late_blight,Tomato___Septoria_leaf_spot,63,True
finetune_s0,gaussian_noise,2,Tomato___Spider_mites_Two-spotted_spider_mite,Tomato___Septoria_leaf_spot,63,True
finetune_s0,gaussian_noise,2,Tomato___Target_Spot,Tomato___Septoria_leaf_spot,56,True
finetune_s0,gaussian_noise,2,Tomato___healthy,Tomato___Septoria_leaf_spot,42,True
finetune_s0,gaussian_noise,2,Tomato___Early_blight,Tomato___Septoria_leaf_spot,38,True
finetune_s0,gaussian_noise,2,Tomato___Tomato_Yellow_Leaf_Curl_Virus,Tomato___Septoria_leaf_spot,35,True
finetune_s0,gaussian_noise,2,Potato___Late_blight,Strawberry___Leaf_scorch,29,False
finetune_s0,gaussian_noise,2,Tomato___Tomato_Yellow_Leaf_Curl_Virus,Tomato___Tomato_mosaic_virus,27,True
finetune_s0,gaussian_noise,3,Soybean___healthy,Tomato___Septoria_leaf_spot,148,False
finetune_s0,gaussian_noise,3,Tomato___Tomato_Yellow_Leaf_Curl_Virus,Strawberry___Leaf_scorch,139,False
finetune_s0,gaussian_noise,3,Orange___Haunglongbing_(Citrus_greening),Strawberry___Leaf_scorch,94,False
finetune_s0,gaussian_noise,3,Tomato___Spider_mites_Two-spotted_spider_mite,Tomato___Septoria_leaf_spot,58,True
finetune_s0,gaussian_noise,3,Orange___Haunglongbing_(Citrus_greening),Tomato___healthy,57,False
finetune_s0,gaussian_noise,3,Tomato___Late_blight,Tomato___Septoria_leaf_spot,54,True
finetune_s0,gaussian_noise,3,Orange___Haunglongbing_(Citrus_greening),Corn_(maize)___Common_rust_,53,False
finetune_s0,gaussian_noise,3,Tomato___Target_Spot,Tomato___Septoria_leaf_spot,50,True
finetune_s0,gaussian_noise,3,Corn_(maize)___healthy,Corn_(maize)___Cercospora_leaf_spot_Gray_leaf_spot,44,True
finetune_s0,gaussian_noise,3,Peach___Bacterial_spot,Tomato___Septoria_leaf_spot,38,False
finetune_s0,jpeg,1,Corn_(maize)___Cercospora_leaf_spot_Gray_leaf_spot,Corn_(maize)___Northern_Leaf_Blight,3,True
finetune_s0,jpeg,1,Apple___healthy,Soybean___healthy,2,False
finetune_s0,jpeg,1,"Pepper,_bell___healthy",Soybean___healthy,2,False
finetune_s0,jpeg,1,Tomato___Spider_mites_Two-spotted_spider_mite,Tomato___Target_Spot,2,True
finetune_s0,jpeg,1,Corn_(maize)___Northern_Leaf_Blight,Corn_(maize)___Cercospora_leaf_spot_Gray_leaf_spot,1,True
finetune_s0,jpeg,1,Raspberry___healthy,Apple___healthy,1,False
finetune_s0,jpeg,1,Strawberry___healthy,Apple___healthy,1,False
finetune_s0,jpeg,1,Tomato___Late_blight,Tomato___Tomato_Yellow_Leaf_Curl_Virus,1,True
finetune_s0,jpeg,1,Tomato___Tomato_Yellow_Leaf_Curl_Virus,Tomato___Spider_mites_Two-spotted_spider_mite,1,True
finetune_s0,jpeg,2,Tomato___Spider_mites_Two-spotted_spider_mite,Tomato___Target_Spot,25,True
finetune_s0,jpeg,2,"Pepper,_bell___healthy",Soybean___healthy,17,False
finetune_s0,jpeg,2,Apple___healthy,Soybean___healthy,7,False
finetune_s0,jpeg,2,Blueberry___healthy,Soybean___healthy,5,False
finetune_s0,jpeg,2,Grape___Black_rot,Tomato___Bacterial_spot,4,False
finetune_s0,jpeg,2,Tomato___healthy,Tomato___Bacterial_spot,4,True
finetune_s0,jpeg,2,Tomato___healthy,Tomato___Late_blight,4,True
finetune_s0,jpeg,2,Potato___Late_blight,Tomato___Bacterial_spot,3,False
finetune_s0,jpeg,2,Apple___healthy,Apple___Black_rot,2,True
finetune_s0,jpeg,2,Apple___healthy,Tomato___Bacterial_spot,2,False
finetune_s0,jpeg,3,Blueberry___healthy,Soybean___healthy,29,False
finetune_s0,jpeg,3,"Pepper,_bell___healthy",Soybean___healthy,25,False
finetune_s0,jpeg,3,Tomato___Spider_mites_Two-spotted_spider_mite,Tomato___Late_blight,21,True
finetune_s0,jpeg,3,Apple___healthy,Soybean___healthy,20,False
finetune_s0,jpeg,3,Tomato___healthy,Tomato___Late_blight,18,True
finetune_s0,jpeg,3,Tomato___Target_Spot,Tomato___Late_blight,17,True
finetune_s0,jpeg,3,Tomato___Spider_mites_Two-spotted_spider_mite,Tomato___Target_Spot,16,True
finetune_s0,jpeg,3,Potato___Late_blight,Tomato___Late_blight,15,False
finetune_s0,jpeg,3,Squash___Powdery_mildew,Tomato___Late_blight,15,False
finetune_s0,jpeg,3,Strawberry___Leaf_scorch,Tomato___Bacterial_spot,12,False
finetune_s0,low_light,1,Tomato___Bacterial_spot,Tomato___Septoria_leaf_spot,65,True
finetune_s0,low_light,1,Tomato___Early_blight,Tomato___Septoria_leaf_spot,26,True
finetune_s0,low_light,1,Tomato___Target_Spot,Tomato___Septoria_leaf_spot,25,True
finetune_s0,low_light,1,Tomato___Late_blight,Tomato___Septoria_leaf_spot,16,True
finetune_s0,low_light,1,Soybean___healthy,Tomato___Septoria_leaf_spot,11,False
finetune_s0,low_light,1,Tomato___Spider_mites_Two-spotted_spider_mite,Tomato___Septoria_leaf_spot,9,True
finetune_s0,low_light,1,Tomato___healthy,Tomato___Septoria_leaf_spot,6,True
finetune_s0,low_light,1,Peach___healthy,Peach___Bacterial_spot,5,True
finetune_s0,low_light,1,Corn_(maize)___Northern_Leaf_Blight,Corn_(maize)___Cercospora_leaf_spot_Gray_leaf_spot,4,True
finetune_s0,low_light,1,Soybean___healthy,Strawberry___healthy,4,False
finetune_s0,low_light,2,Soybean___healthy,Tomato___Septoria_leaf_spot,137,False
finetune_s0,low_light,2,Tomato___Bacterial_spot,Tomato___Septoria_leaf_spot,72,True
finetune_s0,low_light,2,Tomato___Late_blight,Tomato___Septoria_leaf_spot,65,True
finetune_s0,low_light,2,Tomato___Spider_mites_Two-spotted_spider_mite,Tomato___Septoria_leaf_spot,57,True
finetune_s0,low_light,2,Tomato___Target_Spot,Tomato___Septoria_leaf_spot,56,True
finetune_s0,low_light,2,Tomato___healthy,Tomato___Septoria_leaf_spot,45,True
finetune_s0,low_light,2,Tomato___Early_blight,Tomato___Septoria_leaf_spot,38,True
finetune_s0,low_light,2,Potato___Late_blight,Strawberry___Leaf_scorch,27,False
finetune_s0,low_light,2,Tomato___Tomato_Yellow_Leaf_Curl_Virus,Tomato___Tomato_mosaic_virus,21,True
finetune_s0,low_light,2,Tomato___Tomato_Yellow_Leaf_Curl_Virus,Tomato___Septoria_leaf_spot,20,True
finetune_s0,low_light,3,Soybean___healthy,Tomato___Septoria_leaf_spot,137,False
finetune_s0,low_light,3,Tomato___Tomato_Yellow_Leaf_Curl_Virus,Strawberry___Leaf_scorch,133,False
finetune_s0,low_light,3,Orange___Haunglongbing_(Citrus_greening),Strawberry___Leaf_scorch,103,False
finetune_s0,low_light,3,Tomato___Late_blight,Tomato___Septoria_leaf_spot,61,True
finetune_s0,low_light,3,Tomato___Spider_mites_Two-spotted_spider_mite,Tomato___Septoria_leaf_spot,59,True
finetune_s0,low_light,3,Orange___Haunglongbing_(Citrus_greening),Corn_(maize)___Common_rust_,58,False
finetune_s0,low_light,3,Tomato___Target_Spot,Tomato___Septoria_leaf_spot,50,True
finetune_s0,low_light,3,Orange___Haunglongbing_(Citrus_greening),Tomato___healthy,48,False
finetune_s0,low_light,3,Peach___Bacterial_spot,Tomato___Septoria_leaf_spot,43,False
finetune_s0,low_light,3,Soybean___healthy,Strawberry___Leaf_scorch,43,False
finetune_s0,motion_blur,1,Tomato___Bacterial_spot,Tomato___Early_blight,8,True
finetune_s0,motion_blur,1,Tomato___Bacterial_spot,Tomato___Tomato_Yellow_Leaf_Curl_Virus,7,True
finetune_s0,motion_blur,1,Corn_(maize)___Cercospora_leaf_spot_Gray_leaf_spot,Corn_(maize)___Northern_Leaf_Blight,3,True
finetune_s0,motion_blur,1,"Pepper,_bell___healthy",Soybean___healthy,3,False
finetune_s0,motion_blur,1,Grape___Leaf_blight_(Isariopsis_Leaf_Spot),Strawberry___Leaf_scorch,2,False
finetune_s0,motion_blur,1,Tomato___Septoria_leaf_spot,Tomato___Leaf_Mold,2,True
finetune_s0,motion_blur,1,Apple___Apple_scab,Apple___Black_rot,1,True
finetune_s0,motion_blur,1,Apple___healthy,Soybean___healthy,1,False
finetune_s0,motion_blur,1,Corn_(maize)___Common_rust_,Corn_(maize)___Northern_Leaf_Blight,1,True
finetune_s0,motion_blur,1,Corn_(maize)___Northern_Leaf_Blight,Corn_(maize)___Cercospora_leaf_spot_Gray_leaf_spot,1,True
finetune_s0,motion_blur,2,Tomato___Bacterial_spot,Tomato___Early_blight,33,True
finetune_s0,motion_blur,2,Tomato___Septoria_leaf_spot,Tomato___Leaf_Mold,23,True
finetune_s0,motion_blur,2,Tomato___Bacterial_spot,Tomato___Tomato_Yellow_Leaf_Curl_Virus,20,True
finetune_s0,motion_blur,2,Potato___Early_blight,Tomato___Early_blight,12,False
finetune_s0,motion_blur,2,Grape___Black_rot,Tomato___Early_blight,11,False
finetune_s0,motion_blur,2,Squash___Powdery_mildew,Corn_(maize)___healthy,9,False
finetune_s0,motion_blur,2,Cherry_(including_sour)___healthy,Soybean___healthy,8,False
finetune_s0,motion_blur,2,Potato___Late_blight,Tomato___Late_blight,8,False
finetune_s0,motion_blur,2,Tomato___Septoria_leaf_spot,Tomato___Early_blight,8,True
finetune_s0,motion_blur,2,Apple___healthy,Corn_(maize)___healthy,7,False
finetune_s0,motion_blur,3,Soybean___healthy,Corn_(maize)___healthy,69,False
finetune_s0,motion_blur,3,Squash___Powdery_mildew,Corn_(maize)___healthy,50,False
finetune_s0,motion_blur,3,Tomato___Bacterial_spot,Tomato___Early_blight,30,True
finetune_s0,motion_blur,3,Tomato___healthy,Corn_(maize)___healthy,30,False
finetune_s0,motion_blur,3,Corn_(maize)___Common_rust_,Corn_(maize)___Northern_Leaf_Blight,28,True
finetune_s0,motion_blur,3,Grape___Black_rot,Tomato___Early_blight,27,False
finetune_s0,motion_blur,3,Apple___healthy,Corn_(maize)___healthy,26,False
finetune_s0,motion_blur,3,"Pepper,_bell___healthy",Corn_(maize)___healthy,22,False
finetune_s0,motion_blur,3,Tomato___Septoria_leaf_spot,Tomato___Leaf_Mold,19,True
finetune_s0,motion_blur,3,Cherry_(including_sour)___healthy,Corn_(maize)___healthy,18,False
finetune_s0,none,0,Corn_(maize)___Cercospora_leaf_spot_Gray_leaf_spot,Corn_(maize)___Northern_Leaf_Blight,1,True
finetune_s0,none,0,Corn_(maize)___Northern_Leaf_Blight,Corn_(maize)___Cercospora_leaf_spot_Gray_leaf_spot,1,True
finetune_s1,gaussian_noise,1,Tomato___Bacterial_spot,Tomato___Septoria_leaf_spot,81,True
finetune_s1,gaussian_noise,1,Tomato___Late_blight,Tomato___Septoria_leaf_spot,48,True
finetune_s1,gaussian_noise,1,Soybean___healthy,Tomato___Septoria_leaf_spot,35,False
finetune_s1,gaussian_noise,1,Tomato___Target_Spot,Tomato___Septoria_leaf_spot,33,True
finetune_s1,gaussian_noise,1,Tomato___Early_blight,Tomato___Septoria_leaf_spot,25,True
finetune_s1,gaussian_noise,1,Apple___healthy,Blueberry___healthy,17,False
finetune_s1,gaussian_noise,1,Tomato___Tomato_Yellow_Leaf_Curl_Virus,Tomato___Septoria_leaf_spot,17,True
finetune_s1,gaussian_noise,1,Tomato___Spider_mites_Two-spotted_spider_mite,Tomato___Septoria_leaf_spot,16,True
finetune_s1,gaussian_noise,1,Squash___Powdery_mildew,Tomato___Septoria_leaf_spot,14,False
finetune_s1,gaussian_noise,1,Tomato___Leaf_Mold,Tomato___Septoria_leaf_spot,13,True
finetune_s1,gaussian_noise,2,Soybean___healthy,Tomato___Septoria_leaf_spot,134,False
finetune_s1,gaussian_noise,2,Tomato___Tomato_Yellow_Leaf_Curl_Virus,Tomato___Septoria_leaf_spot,112,True
finetune_s1,gaussian_noise,2,Orange___Haunglongbing_(Citrus_greening),Blueberry___healthy,96,False
finetune_s1,gaussian_noise,2,Tomato___Bacterial_spot,Tomato___Septoria_leaf_spot,83,True
finetune_s1,gaussian_noise,2,Tomato___Late_blight,Tomato___Septoria_leaf_spot,64,True
finetune_s1,gaussian_noise,2,Tomato___Spider_mites_Two-spotted_spider_mite,Tomato___Septoria_leaf_spot,62,True
finetune_s1,gaussian_noise,2,Tomato___Target_Spot,Tomato___Septoria_leaf_spot,56,True
finetune_s1,gaussian_noise,2,Tomato___healthy,Tomato___Septoria_leaf_spot,54,True
finetune_s1,gaussian_noise,2,Squash___Powdery_mildew,Tomato___Septoria_leaf_spot,51,False
finetune_s1,gaussian_noise,2,Apple___healthy,Tomato___Septoria_leaf_spot,38,False
finetune_s1,gaussian_noise,3,Soybean___healthy,Tomato___Septoria_leaf_spot,181,False
finetune_s1,gaussian_noise,3,Tomato___Tomato_Yellow_Leaf_Curl_Virus,Tomato___Septoria_leaf_spot,174,True
finetune_s1,gaussian_noise,3,Orange___Haunglongbing_(Citrus_greening),Tomato___Septoria_leaf_spot,146,False
finetune_s1,gaussian_noise,3,Tomato___Bacterial_spot,Tomato___Septoria_leaf_spot,83,True
finetune_s1,gaussian_noise,3,Tomato___Late_blight,Tomato___Septoria_leaf_spot,74,True
finetune_s1,gaussian_noise,3,Tomato___Spider_mites_Two-spotted_spider_mite,Tomato___Septoria_leaf_spot,63,True
finetune_s1,gaussian_noise,3,Peach___Bacterial_spot,Tomato___Septoria_leaf_spot,62,False
finetune_s1,gaussian_noise,3,Squash___Powdery_mildew,Tomato___Septoria_leaf_spot,58,False
finetune_s1,gaussian_noise,3,Tomato___Target_Spot,Tomato___Septoria_leaf_spot,55,True
finetune_s1,gaussian_noise,3,Grape___Black_rot,Tomato___Septoria_leaf_spot,46,False
finetune_s1,jpeg,1,Corn_(maize)___Cercospora_leaf_spot_Gray_leaf_spot,Corn_(maize)___Northern_Leaf_Blight,1,True
finetune_s1,jpeg,1,Tomato___Late_blight,Potato___Late_blight,1,False
finetune_s1,jpeg,1,Tomato___Late_blight,Tomato___Tomato_Yellow_Leaf_Curl_Virus,1,True
finetune_s1,jpeg,2,"Pepper,_bell___healthy",Soybean___healthy,13,False
finetune_s1,jpeg,2,Tomato___Bacterial_spot,Tomato___Tomato_Yellow_Leaf_Curl_Virus,9,True
finetune_s1,jpeg,2,Tomato___Septoria_leaf_spot,Tomato___Bacterial_spot,6,True
finetune_s1,jpeg,2,Tomato___Late_blight,Tomato___Bacterial_spot,5,True
finetune_s1,jpeg,2,Tomato___Septoria_leaf_spot,Tomato___Leaf_Mold,4,True
finetune_s1,jpeg,2,Apple___healthy,Soybean___healthy,3,False
finetune_s1,jpeg,2,"Pepper,_bell___healthy",Cherry_(including_sour)___Powdery_mildew,3,False
finetune_s1,jpeg,2,Tomato___Septoria_leaf_spot,Tomato___Target_Spot,3,True
finetune_s1,jpeg,2,Blueberry___healthy,Apple___healthy,2,False
finetune_s1,jpeg,2,Blueberry___healthy,Cherry_(including_sour)___Powdery_mildew,2,False
finetune_s1,jpeg,3,Blueberry___healthy,Soybean___healthy,28,False
finetune_s1,jpeg,3,Orange___Haunglongbing_(Citrus_greening),Cherry_(including_sour)___Powdery_mildew,28,False
finetune_s1,jpeg,3,"Pepper,_bell___healthy",Soybean___healthy,28,False
finetune_s1,jpeg,3,Orange___Haunglongbing_(Citrus_greening),Cherry_(including_sour)___healthy,23,False
finetune_s1,jpeg,3,Tomato___Bacterial_spot,Tomato___Tomato_Yellow_Leaf_Curl_Virus,22,True
finetune_s1,jpeg,3,Tomato___Target_Spot,Tomato___Early_blight,16,True
finetune_s1,jpeg,3,Orange___Haunglongbing_(Citrus_greening),Soybean___healthy,15,False
finetune_s1,jpeg,3,Peach___Bacterial_spot,Cherry_(including_sour)___Powdery_mildew,13,False
finetune_s1,jpeg,3,"Pepper,_bell___healthy",Cherry_(including_sour)___Powdery_mildew,13,False
finetune_s1,jpeg,3,Blueberry___healthy,Cherry_(including_sour)___Powdery_mildew,10,False
finetune_s1,low_light,1,Tomato___Bacterial_spot,Tomato___Septoria_leaf_spot,73,True
finetune_s1,low_light,1,Tomato___Late_blight,Tomato___Septoria_leaf_spot,36,True
finetune_s1,low_light,1,Soybean___healthy,Tomato___Septoria_leaf_spot,22,False
finetune_s1,low_light,1,Tomato___Early_blight,Tomato___Septoria_leaf_spot,20,True
finetune_s1,low_light,1,Tomato___Target_Spot,Tomato___Septoria_leaf_spot,19,True
finetune_s1,low_light,1,Squash___Powdery_mildew,Tomato___Septoria_leaf_spot,16,False
finetune_s1,low_light,1,Tomato___Leaf_Mold,Tomato___Septoria_leaf_spot,7,True
finetune_s1,low_light,1,Apple___healthy,Blueberry___healthy,6,False
finetune_s1,low_light,1,Grape___healthy,Tomato___Septoria_leaf_spot,4,False
finetune_s1,low_light,1,Apple___healthy,Tomato___Septoria_leaf_spot,3,False
finetune_s1,low_light,2,Soybean___healthy,Tomato___Septoria_leaf_spot,137,False
finetune_s1,low_light,2,Orange___Haunglongbing_(Citrus_greening),Blueberry___healthy,89,False
finetune_s1,low_light,2,Tomato___Bacterial_spot,Tomato___Septoria_leaf_spot,85,True
finetune_s1,low_light,2,Tomato___Tomato_Yellow_Leaf_Curl_Virus,Tomato___Septoria_leaf_spot,85,True
finetune_s1,low_light,2,Tomato___Late_blight,Tomato___Septoria_leaf_spot,66,True
finetune_s1,low_light,2,Tomato___Spider_mites_Two-spotted_spider_mite,Tomato___Septoria_leaf_spot,58,True
finetune_s1,low_light,2,Tomato___Target_Spot,Tomato___Septoria_leaf_spot,54,True
finetune_s1,low_light,2,Squash___Powdery_mildew,Tomato___Septoria_leaf_spot,52,False
finetune_s1,low_light,2,Tomato___healthy,Tomato___Septoria_leaf_spot,52,True
finetune_s1,low_light,2,Tomato___Early_blight,Tomato___Septoria_leaf_spot,39,True
finetune_s1,low_light,3,Tomato___Tomato_Yellow_Leaf_Curl_Virus,Tomato___Septoria_leaf_spot,182,True
finetune_s1,low_light,3,Soybean___healthy,Tomato___Septoria_leaf_spot,181,False
finetune_s1,low_light,3,Orange___Haunglongbing_(Citrus_greening),Tomato___Septoria_leaf_spot,154,False
finetune_s1,low_light,3,Tomato___Bacterial_spot,Tomato___Septoria_leaf_spot,85,True
finetune_s1,low_light,3,Tomato___Late_blight,Tomato___Septoria_leaf_spot,71,True
finetune_s1,low_light,3,Squash___Powdery_mildew,Tomato___Septoria_leaf_spot,64,False
finetune_s1,low_light,3,Tomato___Spider_mites_Two-spotted_spider_mite,Tomato___Septoria_leaf_spot,62,True
finetune_s1,low_light,3,Peach___Bacterial_spot,Tomato___Septoria_leaf_spot,59,False
finetune_s1,low_light,3,Tomato___Target_Spot,Tomato___Septoria_leaf_spot,55,True
finetune_s1,low_light,3,Grape___Black_rot,Tomato___Septoria_leaf_spot,45,False
finetune_s1,motion_blur,1,Tomato___Bacterial_spot,Tomato___Tomato_Yellow_Leaf_Curl_Virus,14,True
finetune_s1,motion_blur,1,Tomato___Septoria_leaf_spot,Tomato___Leaf_Mold,3,True
finetune_s1,motion_blur,1,Tomato___Septoria_leaf_spot,Tomato___Tomato_mosaic_virus,3,True
finetune_s1,motion_blur,1,Tomato___Spider_mites_Two-spotted_spider_mite,Tomato___Tomato_mosaic_virus,2,True
finetune_s1,motion_blur,1,Corn_(maize)___Cercospora_leaf_spot_Gray_leaf_spot,Corn_(maize)___Northern_Leaf_Blight,1,True
finetune_s1,motion_blur,1,Grape___Leaf_blight_(Isariopsis_Leaf_Spot),Strawberry___Leaf_scorch,1,False
finetune_s1,motion_blur,1,Grape___healthy,Raspberry___healthy,1,False
finetune_s1,motion_blur,1,Potato___Early_blight,Tomato___Septoria_leaf_spot,1,False
finetune_s1,motion_blur,1,Tomato___Bacterial_spot,Tomato___Early_blight,1,True
finetune_s1,motion_blur,1,Tomato___Bacterial_spot,Tomato___Late_blight,1,True
finetune_s1,motion_blur,2,Tomato___Bacterial_spot,Tomato___Tomato_Yellow_Leaf_Curl_Virus,32,True
finetune_s1,motion_blur,2,Tomato___Septoria_leaf_spot,Tomato___Leaf_Mold,25,True
finetune_s1,motion_blur,2,Squash___Powdery_mildew,Corn_(maize)___healthy,23,False
finetune_s1,motion_blur,2,Potato___Early_blight,Apple___Apple_scab,22,False
finetune_s1,motion_blur,2,Tomato___Bacterial_spot,Tomato___Early_blight,16,True
finetune_s1,motion_blur,2,Tomato___Septoria_leaf_spot,Tomato___Tomato_mosaic_virus,14,True
finetune_s1,motion_blur,2,Tomato___healthy,Corn_(maize)___healthy,12,False
finetune_s1,motion_blur,2,Grape___Leaf_blight_(Isariopsis_Leaf_Spot),Strawberry___Leaf_scorch,8,False
finetune_s1,motion_blur,2,Grape___healthy,Raspberry___healthy,8,False
finetune_s1,motion_blur,2,"Pepper,_bell___Bacterial_spot",Tomato___Tomato_Yellow_Leaf_Curl_Virus,8,False
finetune_s1,motion_blur,3,Soybean___healthy,Corn_(maize)___healthy,95,False
finetune_s1,motion_blur,3,Squash___Powdery_mildew,Corn_(maize)___healthy,56,False
finetune_s1,motion_blur,3,Tomato___Bacterial_spot,Tomato___Tomato_Yellow_Leaf_Curl_Virus,42,True
finetune_s1,motion_blur,3,Tomato___healthy,Corn_(maize)___healthy,38,False
finetune_s1,motion_blur,3,Corn_(maize)___Common_rust_,Corn_(maize)___healthy,28,True
finetune_s1,motion_blur,3,"Pepper,_bell___healthy",Corn_(maize)___healthy,28,False
finetune_s1,motion_blur,3,Potato___Early_blight,Apple___Apple_scab,27,False
finetune_s1,motion_blur,3,Tomato___Septoria_leaf_spot,Tomato___Leaf_Mold,27,True
finetune_s1,motion_blur,3,Apple___healthy,Corn_(maize)___healthy,21,False
finetune_s1,motion_blur,3,Peach___Bacterial_spot,Tomato___Tomato_Yellow_Leaf_Curl_Virus,21,False
finetune_s1,none,0,Corn_(maize)___Cercospora_leaf_spot_Gray_leaf_spot,Corn_(maize)___Northern_Leaf_Blight,1,True
finetune_s1,none,0,Tomato___Bacterial_spot,Tomato___Late_blight,1,True
finetune_s1,none,0,Tomato___Late_blight,Tomato___Tomato_Yellow_Leaf_Curl_Virus,1,True
finetune_s42,gaussian_noise,1,Tomato___Bacterial_spot,Tomato___Septoria_leaf_spot,83,True
finetune_s42,gaussian_noise,1,Tomato___Late_blight,Tomato___Septoria_leaf_spot,51,True
finetune_s42,gaussian_noise,1,Tomato___Early_blight,Tomato___Septoria_leaf_spot,34,True
finetune_s42,gaussian_noise,1,Tomato___healthy,Tomato___Septoria_leaf_spot,29,True
finetune_s42,gaussian_noise,1,Tomato___Leaf_Mold,Tomato___Septoria_leaf_spot,27,True
finetune_s42,gaussian_noise,1,Tomato___Target_Spot,Tomato___Septoria_leaf_spot,27,True
finetune_s42,gaussian_noise,1,Tomato___Spider_mites_Two-spotted_spider_mite,Tomato___Septoria_leaf_spot,24,True
finetune_s42,gaussian_noise,1,Soybean___healthy,Tomato___Septoria_leaf_spot,21,False
finetune_s42,gaussian_noise,1,Apple___healthy,Apple___Black_rot,12,True
finetune_s42,gaussian_noise,1,Apple___healthy,Blueberry___healthy,10,False
finetune_s42,gaussian_noise,2,Soybean___healthy,Tomato___Septoria_leaf_spot,104,False
finetune_s42,gaussian_noise,2,Tomato___Bacterial_spot,Tomato___Septoria_leaf_spot,81,True
finetune_s42,gaussian_noise,2,Tomato___Tomato_Yellow_Leaf_Curl_Virus,Tomato___Septoria_leaf_spot,64,True
finetune_s42,gaussian_noise,2,Tomato___Spider_mites_Two-spotted_spider_mite,Tomato___Septoria_leaf_spot,60,True
finetune_s42,gaussian_noise,2,Tomato___Late_blight,Tomato___Septoria_leaf_spot,59,True
finetune_s42,gaussian_noise,2,Tomato___healthy,Tomato___Septoria_leaf_spot,51,True
finetune_s42,gaussian_noise,2,Tomato___Target_Spot,Tomato___Septoria_leaf_spot,45,True
finetune_s42,gaussian_noise,2,"Pepper,_bell___healthy","Pepper,_bell___Bacterial_spot",38,True
finetune_s42,gaussian_noise,2,Tomato___Early_blight,Tomato___Septoria_leaf_spot,38,True
finetune_s42,gaussian_noise,2,Tomato___Leaf_Mold,Tomato___Septoria_leaf_spot,36,True
finetune_s42,gaussian_noise,3,Orange___Haunglongbing_(Citrus_greening),Corn_(maize)___Northern_Leaf_Blight,160,False
finetune_s42,gaussian_noise,3,Tomato___Tomato_Yellow_Leaf_Curl_Virus,Corn_(maize)___Northern_Leaf_Blight,80,False
finetune_s42,gaussian_noise,3,Tomato___Tomato_Yellow_Leaf_Curl_Virus,Strawberry___Leaf_scorch,80,False
finetune_s42,gaussian_noise,3,Soybean___healthy,Corn_(maize)___Common_rust_,72,False
finetune_s42,gaussian_noise,3,Tomato___Bacterial_spot,Corn_(maize)___Northern_Leaf_Blight,55,False
finetune_s42,gaussian_noise,3,Tomato___Late_blight,Tomato___Septoria_leaf_spot,51,True
finetune_s42,gaussian_noise,3,Soybean___healthy,Tomato___Septoria_leaf_spot,48,False
finetune_s42,gaussian_noise,3,Tomato___Spider_mites_Two-spotted_spider_mite,Tomato___Septoria_leaf_spot,47,True
finetune_s42,gaussian_noise,3,Soybean___healthy,"Pepper,_bell___Bacterial_spot",46,False
finetune_s42,gaussian_noise,3,"Pepper,_bell___healthy","Pepper,_bell___Bacterial_spot",43,True
finetune_s42,jpeg,1,Corn_(maize)___Cercospora_leaf_spot_Gray_leaf_spot,Corn_(maize)___Northern_Leaf_Blight,3,True
finetune_s42,jpeg,1,Blueberry___healthy,Soybean___healthy,1,False
finetune_s42,jpeg,1,Corn_(maize)___Northern_Leaf_Blight,Corn_(maize)___Cercospora_leaf_spot_Gray_leaf_spot,1,True
finetune_s42,jpeg,1,"Pepper,_bell___healthy",Soybean___healthy,1,False
finetune_s42,jpeg,1,Squash___Powdery_mildew,Grape___healthy,1,False
finetune_s42,jpeg,1,Tomato___Late_blight,Potato___Late_blight,1,False
finetune_s42,jpeg,1,Tomato___Late_blight,Tomato___Tomato_Yellow_Leaf_Curl_Virus,1,True
finetune_s42,jpeg,1,Tomato___Leaf_Mold,Tomato___Early_blight,1,True
finetune_s42,jpeg,2,"Pepper,_bell___healthy",Soybean___healthy,25,False
finetune_s42,jpeg,2,Blueberry___healthy,Soybean___healthy,10,False
finetune_s42,jpeg,2,Tomato___Spider_mites_Two-spotted_spider_mite,Tomato___Target_Spot,6,True
finetune_s42,jpeg,2,Blueberry___healthy,Apple___healthy,5,False
finetune_s42,jpeg,2,Tomato___healthy,Tomato___Late_blight,5,True
finetune_s42,jpeg,2,Tomato___Septoria_leaf_spot,Tomato___Target_Spot,4,True
finetune_s42,jpeg,2,Potato___healthy,Soybean___healthy,3,False
finetune_s42,jpeg,2,Strawberry___healthy,Soybean___healthy,3,False
finetune_s42,jpeg,2,Blueberry___healthy,Cherry_(including_sour)___Powdery_mildew,2,False
finetune_s42,jpeg,2,Peach___Bacterial_spot,Apple___healthy,2,False
finetune_s42,jpeg,3,"Pepper,_bell___healthy",Soybean___healthy,43,False
finetune_s42,jpeg,3,Blueberry___healthy,Soybean___healthy,32,False
finetune_s42,jpeg,3,Squash___Powdery_mildew,Corn_(maize)___Cercospora_leaf_spot_Gray_leaf_spot,24,False
finetune_s42,jpeg,3,Squash___Powdery_mildew,Corn_(maize)___Northern_Leaf_Blight,13,False
finetune_s42,jpeg,3,Tomato___Spider_mites_Two-spotted_spider_mite,Tomato___Target_Spot,13,True
finetune_s42,jpeg,3,Tomato___Septoria_leaf_spot,Tomato___Bacterial_spot,12,True
finetune_s42,jpeg,3,Tomato___Target_Spot,Tomato___Early_blight,12,True
finetune_s42,jpeg,3,Tomato___healthy,Corn_(maize)___Cercospora_leaf_spot_Gray_leaf_spot,11,False
finetune_s42,jpeg,3,Corn_(maize)___Northern_Leaf_Blight,Corn_(maize)___Cercospora_leaf_spot_Gray_leaf_spot,10,True
finetune_s42,jpeg,3,Tomato___Early_blight,Tomato___Late_blight,10,True
finetune_s42,low_light,1,Tomato___Bacterial_spot,Tomato___Septoria_leaf_spot,63,True
finetune_s42,low_light,1,Tomato___Late_blight,Tomato___Septoria_leaf_spot,44,True
finetune_s42,low_light,1,Tomato___Early_blight,Tomato___Septoria_leaf_spot,21,True
finetune_s42,low_light,1,Tomato___healthy,Tomato___Septoria_leaf_spot,19,True
finetune_s42,low_light,1,Soybean___healthy,Tomato___Septoria_leaf_spot,16,False
finetune_s42,low_light,1,Tomato___Leaf_Mold,Tomato___Septoria_leaf_spot,15,True
finetune_s42,low_light,1,Tomato___Target_Spot,Tomato___Septoria_leaf_spot,14,True
finetune_s42,low_light,1,Apple___healthy,Blueberry___healthy,7,False
finetune_s42,low_light,1,Tomato___Spider_mites_Two-spotted_spider_mite,Tomato___Septoria_leaf_spot,7,True
finetune_s42,low_light,1,"Pepper,_bell___healthy","Pepper,_bell___Bacterial_spot",5,True
finetune_s42,low_light,2,Soybean___healthy,Tomato___Septoria_leaf_spot,95,False
finetune_s42,low_light,2,Tomato___Bacterial_spot,Tomato___Septoria_leaf_spot,83,True
finetune_s42,low_light,2,Tomato___Late_blight,Tomato___Septoria_leaf_spot,59,True
finetune_s42,low_light,2,Tomato___Spider_mites_Two-spotted_spider_mite,Tomato___Septoria_leaf_spot,53,True
finetune_s42,low_light,2,Tomato___healthy,Tomato___Septoria_leaf_spot,53,True
finetune_s42,low_light,2,Tomato___Target_Spot,Tomato___Septoria_leaf_spot,45,True
finetune_s42,low_light,2,Tomato___Tomato_Yellow_Leaf_Curl_Virus,Tomato___Septoria_leaf_spot,42,True
finetune_s42,low_light,2,"Pepper,_bell___healthy","Pepper,_bell___Bacterial_spot",36,True
finetune_s42,low_light,2,Tomato___Early_blight,Tomato___Septoria_leaf_spot,36,True
finetune_s42,low_light,2,Tomato___Leaf_Mold,Tomato___Septoria_leaf_spot,35,True
finetune_s42,low_light,3,Orange___Haunglongbing_(Citrus_greening),Corn_(maize)___Northern_Leaf_Blight,157,False
finetune_s42,low_light,3,Tomato___Tomato_Yellow_Leaf_Curl_Virus,Strawberry___Leaf_scorch,92,False
finetune_s42,low_light,3,Soybean___healthy,Corn_(maize)___Common_rust_,72,False
finetune_s42,low_light,3,Tomato___Tomato_Yellow_Leaf_Curl_Virus,Corn_(maize)___Northern_Leaf_Blight,65,False
finetune_s42,low_light,3,Tomato___Late_blight,Tomato___Septoria_leaf_spot,53,True
finetune_s42,low_light,3,Tomato___Spider_mites_Two-spotted_spider_mite,Tomato___Septoria_leaf_spot,52,True
finetune_s42,low_light,3,"Pepper,_bell___healthy","Pepper,_bell___Bacterial_spot",50,True
finetune_s42,low_light,3,Tomato___Tomato_Yellow_Leaf_Curl_Virus,Tomato___Septoria_leaf_spot,48,True
finetune_s42,low_light,3,Soybean___healthy,"Pepper,_bell___Bacterial_spot",47,False
finetune_s42,low_light,3,Tomato___Bacterial_spot,Corn_(maize)___Northern_Leaf_Blight,45,False
finetune_s42,motion_blur,1,Tomato___Bacterial_spot,Tomato___Tomato_Yellow_Leaf_Curl_Virus,5,True
finetune_s42,motion_blur,1,Tomato___Late_blight,Tomato___Early_blight,5,True
finetune_s42,motion_blur,1,Corn_(maize)___Cercospora_leaf_spot_Gray_leaf_spot,Corn_(maize)___Northern_Leaf_Blight,4,True
finetune_s42,motion_blur,1,Tomato___Bacterial_spot,Tomato___Early_blight,3,True
finetune_s42,motion_blur,1,Potato___Late_blight,Tomato___Early_blight,2,False
finetune_s42,motion_blur,1,Tomato___Bacterial_spot,Tomato___Late_blight,2,True
finetune_s42,motion_blur,1,Tomato___Septoria_leaf_spot,Tomato___Leaf_Mold,2,True
finetune_s42,motion_blur,1,Tomato___Target_Spot,Tomato___Spider_mites_Two-spotted_spider_mite,2,True
finetune_s42,motion_blur,1,Grape___healthy,Apple___healthy,1,False
finetune_s42,motion_blur,1,"Pepper,_bell___healthy",Peach___healthy,1,False
finetune_s42,motion_blur,2,Tomato___Septoria_leaf_spot,Tomato___Leaf_Mold,27,True
finetune_s42,motion_blur,2,Potato___Early_blight,Apple___Apple_scab,20,False
finetune_s42,motion_blur,2,Tomato___Bacterial_spot,Tomato___Late_blight,18,True
finetune_s42,motion_blur,2,Tomato___healthy,Apple___healthy,14,False
finetune_s42,motion_blur,2,Tomato___Bacterial_spot,Tomato___Tomato_Yellow_Leaf_Curl_Virus,10,True
finetune_s42,motion_blur,2,Corn_(maize)___Cercospora_leaf_spot_Gray_leaf_spot,Corn_(maize)___Northern_Leaf_Blight,9,True
finetune_s42,motion_blur,2,Squash___Powdery_mildew,Corn_(maize)___healthy,9,False
finetune_s42,motion_blur,2,Tomato___healthy,Corn_(maize)___healthy,9,False
finetune_s42,motion_blur,2,Potato___Late_blight,Tomato___Late_blight,7,False
finetune_s42,motion_blur,2,Soybean___healthy,Orange___Haunglongbing_(Citrus_greening),7,False
finetune_s42,motion_blur,3,Soybean___healthy,Corn_(maize)___healthy,61,False
finetune_s42,motion_blur,3,Squash___Powdery_mildew,Corn_(maize)___healthy,48,False
finetune_s42,motion_blur,3,Tomato___healthy,Corn_(maize)___healthy,38,False
finetune_s42,motion_blur,3,Tomato___Septoria_leaf_spot,Tomato___Leaf_Mold,35,True
finetune_s42,motion_blur,3,"Pepper,_bell___healthy",Corn_(maize)___healthy,31,False
finetune_s42,motion_blur,3,Tomato___Bacterial_spot,Tomato___Late_blight,27,True
finetune_s42,motion_blur,3,Potato___Early_blight,Apple___Apple_scab,22,False
finetune_s42,motion_blur,3,Tomato___healthy,Apple___healthy,18,False
finetune_s42,motion_blur,3,Grape___Leaf_blight_(Isariopsis_Leaf_Spot),Tomato___Tomato_Yellow_Leaf_Curl_Virus,16,False
finetune_s42,motion_blur,3,Strawberry___healthy,Corn_(maize)___healthy,16,False
finetune_s42,none,0,Corn_(maize)___Cercospora_leaf_spot_Gray_leaf_spot,Corn_(maize)___Northern_Leaf_Blight,2,True
finetune_s42,none,0,Tomato___Bacterial_spot,Tomato___Late_blight,1,True
linear_probe_s0,gaussian_noise,1,Tomato___Late_blight,Potato___Late_blight,16,False
linear_probe_s0,gaussian_noise,1,Tomato___Bacterial_spot,Tomato___Target_Spot,15,True
linear_probe_s0,gaussian_noise,1,Tomato___Late_blight,Tomato___Target_Spot,14,True
linear_probe_s0,gaussian_noise,1,Tomato___Tomato_Yellow_Leaf_Curl_Virus,Tomato___Spider_mites_Two-spotted_spider_mite,12,True
linear_probe_s0,gaussian_noise,1,Tomato___Tomato_mosaic_virus,Tomato___Spider_mites_Two-spotted_spider_mite,12,True
linear_probe_s0,gaussian_noise,1,Tomato___Leaf_Mold,Tomato___Spider_mites_Two-spotted_spider_mite,10,True
linear_probe_s0,gaussian_noise,1,Tomato___Target_Spot,Tomato___Spider_mites_Two-spotted_spider_mite,9,True
linear_probe_s0,gaussian_noise,1,Tomato___Early_blight,Tomato___Target_Spot,8,True
linear_probe_s0,gaussian_noise,1,Tomato___Tomato_Yellow_Leaf_Curl_Virus,Tomato___Target_Spot,6,True
linear_probe_s0,gaussian_noise,1,Tomato___Leaf_Mold,Tomato___Target_Spot,5,True
linear_probe_s0,gaussian_noise,2,Tomato___Bacterial_spot,Tomato___Target_Spot,38,True
linear_probe_s0,gaussian_noise,2,Tomato___Tomato_Yellow_Leaf_Curl_Virus,Tomato___Spider_mites_Two-spotted_spider_mite,32,True
linear_probe_s0,gaussian_noise,2,Tomato___Late_blight,Tomato___Septoria_leaf_spot,21,True
linear_probe_s0,gaussian_noise,2,Tomato___Late_blight,Potato___Late_blight,18,False
linear_probe_s0,gaussian_noise,2,Tomato___Late_blight,Tomato___Target_Spot,18,True
linear_probe_s0,gaussian_noise,2,Tomato___Spider_mites_Two-spotted_spider_mite,Tomato___Target_Spot,17,True
linear_probe_s0,gaussian_noise,2,Grape___Black_rot,Tomato___Septoria_leaf_spot,14,False
linear_probe_s0,gaussian_noise,2,Tomato___Tomato_Yellow_Leaf_Curl_Virus,Tomato___Target_Spot,14,True
linear_probe_s0,gaussian_noise,2,Tomato___healthy,Tomato___Spider_mites_Two-spotted_spider_mite,14,True
linear_probe_s0,gaussian_noise,2,Tomato___Early_blight,Tomato___Septoria_leaf_spot,13,True
linear_probe_s0,gaussian_noise,3,Tomato___Bacterial_spot,Tomato___Target_Spot,35,True
linear_probe_s0,gaussian_noise,3,Tomato___Late_blight,Tomato___Septoria_leaf_spot,32,True
linear_probe_s0,gaussian_noise,3,Tomato___Tomato_Yellow_Leaf_Curl_Virus,Tomato___Septoria_leaf_spot,32,True
linear_probe_s0,gaussian_noise,3,Tomato___Tomato_Yellow_Leaf_Curl_Virus,Corn_(maize)___Cercospora_leaf_spot_Gray_leaf_spot,31,False
linear_probe_s0,gaussian_noise,3,Tomato___Tomato_Yellow_Leaf_Curl_Virus,Tomato___Target_Spot,30,True
linear_probe_s0,gaussian_noise,3,Grape___Black_rot,Tomato___Septoria_leaf_spot,29,False
linear_probe_s0,gaussian_noise,3,Tomato___Tomato_Yellow_Leaf_Curl_Virus,Tomato___Spider_mites_Two-spotted_spider_mite,29,True
linear_probe_s0,gaussian_noise,3,Corn_(maize)___Northern_Leaf_Blight,Corn_(maize)___Cercospora_leaf_spot_Gray_leaf_spot,28,True
linear_probe_s0,gaussian_noise,3,Grape___Esca_(Black_Measles),Tomato___Septoria_leaf_spot,27,False
linear_probe_s0,gaussian_noise,3,Orange___Haunglongbing_(Citrus_greening),Soybean___healthy,26,False
linear_probe_s0,jpeg,1,Tomato___Spider_mites_Two-spotted_spider_mite,Tomato___Target_Spot,7,True
linear_probe_s0,jpeg,1,Tomato___healthy,Tomato___Target_Spot,4,True
linear_probe_s0,jpeg,1,Apple___Cedar_apple_rust,Apple___Apple_scab,3,True
linear_probe_s0,jpeg,1,Apple___healthy,Soybean___healthy,3,False
linear_probe_s0,jpeg,1,Corn_(maize)___Cercospora_leaf_spot_Gray_leaf_spot,Corn_(maize)___Northern_Leaf_Blight,3,True
linear_probe_s0,jpeg,1,Peach___healthy,Peach___Bacterial_spot,3,True
linear_probe_s0,jpeg,1,"Pepper,_bell___healthy","Pepper,_bell___Bacterial_spot",3,True
linear_probe_s0,jpeg,1,Tomato___Early_blight,Tomato___Late_blight,3,True
linear_probe_s0,jpeg,1,Tomato___Late_blight,Potato___Late_blight,3,False
linear_probe_s0,jpeg,1,Tomato___Tomato_mosaic_virus,Tomato___Septoria_leaf_spot,3,True
linear_probe_s0,jpeg,2,Tomato___Late_blight,Tomato___Septoria_leaf_spot,16,True
linear_probe_s0,jpeg,2,Blueberry___healthy,Soybean___healthy,15,False
linear_probe_s0,jpeg,2,Tomato___healthy,Tomato___Septoria_leaf_spot,12,True
linear_probe_s0,jpeg,2,Tomato___Early_blight,Tomato___Septoria_leaf_spot,11,True
linear_probe_s0,jpeg,2,Tomato___Target_Spot,Tomato___Septoria_leaf_spot,11,True
linear_probe_s0,jpeg,2,Tomato___Tomato_mosaic_virus,Tomato___Septoria_leaf_spot,11,True
linear_probe_s0,jpeg,2,Tomato___Bacterial_spot,Tomato___Septoria_leaf_spot,10,True
linear_probe_s0,jpeg,2,Tomato___Spider_mites_Two-spotted_spider_mite,Tomato___Target_Spot,10,True
linear_probe_s0,jpeg,2,"Pepper,_bell___healthy","Pepper,_bell___Bacterial_spot",9,True
linear_probe_s0,jpeg,2,Tomato___Early_blight,Tomato___Bacterial_spot,9,True
linear_probe_s0,jpeg,3,Tomato___Bacterial_spot,Tomato___Septoria_leaf_spot,34,True
linear_probe_s0,jpeg,3,Blueberry___healthy,Soybean___healthy,31,False
linear_probe_s0,jpeg,3,Squash___Powdery_mildew,Tomato___Septoria_leaf_spot,31,False
linear_probe_s0,jpeg,3,Tomato___Spider_mites_Two-spotted_spider_mite,Tomato___Septoria_leaf_spot,30,True
linear_probe_s0,jpeg,3,Tomato___Tomato_Yellow_Leaf_Curl_Virus,Tomato___Septoria_leaf_spot,27,True
linear_probe_s0,jpeg,3,Tomato___Target_Spot,Tomato___Septoria_leaf_spot,25,True
linear_probe_s0,jpeg,3,Grape___Black_rot,Tomato___Septoria_leaf_spot,23,False
linear_probe_s0,jpeg,3,Tomato___Late_blight,Tomato___Septoria_leaf_spot,22,True
linear_probe_s0,jpeg,3,Tomato___healthy,Tomato___Septoria_leaf_spot,19,True
linear_probe_s0,jpeg,3,Corn_(maize)___Northern_Leaf_Blight,Corn_(maize)___Cercospora_leaf_spot_Gray_leaf_spot,16,True
linear_probe_s0,low_light,1,Tomato___Bacterial_spot,Tomato___Target_Spot,17,True
linear_probe_s0,low_light,1,Tomato___Late_blight,Tomato___Target_Spot,14,True
linear_probe_s0,low_light,1,Tomato___Tomato_Yellow_Leaf_Curl_Virus,Tomato___Spider_mites_Two-spotted_spider_mite,14,True
linear_probe_s0,low_light,1,Tomato___Late_blight,Potato___Late_blight,12,False
linear_probe_s0,low_light,1,Tomato___Leaf_Mold,Tomato___Spider_mites_Two-spotted_spider_mite,10,True
linear_probe_s0,low_light,1,Tomato___Tomato_mosaic_virus,Tomato___Spider_mites_Two-spotted_spider_mite,10,True
linear_probe_s0,low_light,1,Tomato___Early_blight,Tomato___Target_Spot,8,True
linear_probe_s0,low_light,1,Tomato___Late_blight,Tomato___Septoria_leaf_spot,8,True
linear_probe_s0,low_light,1,Tomato___Spider_mites_Two-spotted_spider_mite,Tomato___Target_Spot,8,True
linear_probe_s0,low_light,1,Tomato___Early_blight,Tomato___Septoria_leaf_spot,7,True
linear_probe_s0,low_light,2,Tomato___Tomato_Yellow_Leaf_Curl_Virus,Tomato___Spider_mites_Two-spotted_spider_mite,34,True
linear_probe_s0,low_light,2,Tomato___Bacterial_spot,Tomato___Target_Spot,33,True
linear_probe_s0,low_light,2,Tomato___Late_blight,Tomato___Septoria_leaf_spot,19,True
linear_probe_s0,low_light,2,Grape___Black_rot,Tomato___Septoria_leaf_spot,17,False
linear_probe_s0,low_light,2,Tomato___healthy,Tomato___Spider_mites_Two-spotted_spider_mite,17,True
linear_probe_s0,low_light,2,Tomato___Late_blight,Tomato___Target_Spot,16,True
linear_probe_s0,low_light,2,Tomato___Late_blight,Potato___Late_blight,15,False
linear_probe_s0,low_light,2,"Pepper,_bell___healthy","Pepper,_bell___Bacterial_spot",14,True
linear_probe_s0,low_light,2,Tomato___Early_blight,Tomato___Septoria_leaf_spot,14,True
linear_probe_s0,low_light,2,Tomato___Spider_mites_Two-spotted_spider_mite,Tomato___Target_Spot,13,True
linear_probe_s0,low_light,3,Tomato___Bacterial_spot,Tomato___Target_Spot,45,True
linear_probe_s0,low_light,3,Tomato___Tomato_Yellow_Leaf_Curl_Virus,Tomato___Septoria_leaf_spot,37,True
linear_probe_s0,low_light,3,Tomato___Late_blight,Tomato___Septoria_leaf_spot,33,True
linear_probe_s0,low_light,3,Grape___Esca_(Black_Measles),Tomato___Septoria_leaf_spot,31,False
linear_probe_s0,low_light,3,Tomato___Tomato_Yellow_Leaf_Curl_Virus,Tomato___Spider_mites_Two-spotted_spider_mite,30,True
linear_probe_s0,low_light,3,Grape___Black_rot,Tomato___Septoria_leaf_spot,29,False
linear_probe_s0,low_light,3,Corn_(maize)___Northern_Leaf_Blight,Corn_(maize)___Cercospora_leaf_spot_Gray_leaf_spot,26,True
linear_probe_s0,low_light,3,Tomato___Tomato_Yellow_Leaf_Curl_Virus,Corn_(maize)___Cercospora_leaf_spot_Gray_leaf_spot,26,False
linear_probe_s0,low_light,3,Tomato___Tomato_Yellow_Leaf_Curl_Virus,Apple___Apple_scab,22,False
linear_probe_s0,low_light,3,Tomato___Tomato_Yellow_Leaf_Curl_Virus,Tomato___Target_Spot,22,True
linear_probe_s0,motion_blur,1,Tomato___Spider_mites_Two-spotted_spider_mite,Tomato___Tomato_Yellow_Leaf_Curl_Virus,16,True
linear_probe_s0,motion_blur,1,Tomato___Target_Spot,Tomato___Early_blight,16,True
linear_probe_s0,motion_blur,1,Tomato___Bacterial_spot,Tomato___Early_blight,14,True
linear_probe_s0,motion_blur,1,Tomato___Septoria_leaf_spot,Tomato___Leaf_Mold,9,True
linear_probe_s0,motion_blur,1,Tomato___Bacterial_spot,Tomato___Tomato_Yellow_Leaf_Curl_Virus,7,True
linear_probe_s0,motion_blur,1,Tomato___Spider_mites_Two-spotted_spider_mite,Tomato___Early_blight,6,True
linear_probe_s0,motion_blur,1,Tomato___Target_Spot,Tomato___Spider_mites_Two-spotted_spider_mite,6,True
linear_probe_s0,motion_blur,1,Tomato___Target_Spot,Tomato___Tomato_Yellow_Leaf_Curl_Virus,6,True
linear_probe_s0,motion_blur,1,Grape___Black_rot,Grape___Esca_(Black_Measles),5,True
linear_probe_s0,motion_blur,1,Tomato___Septoria_leaf_spot,Tomato___Late_blight,5,True
linear_probe_s0,motion_blur,2,Tomato___Bacterial_spot,Tomato___Early_blight,24,True
linear_probe_s0,motion_blur,2,Tomato___Spider_mites_Two-spotted_spider_mite,Tomato___Tomato_Yellow_Leaf_Curl_Virus,22,True
linear_probe_s0,motion_blur,2,Tomato___Target_Spot,Tomato___Early_blight,17,True
linear_probe_s0,motion_blur,2,Apple___healthy,Soybean___healthy,13,False
linear_probe_s0,motion_blur,2,Tomato___Septoria_leaf_spot,Tomato___Leaf_Mold,13,True
linear_probe_s0,motion_blur,2,Grape___Black_rot,Tomato___Early_blight,12,False
linear_probe_s0,motion_blur,2,Tomato___Septoria_leaf_spot,Tomato___Tomato_Yellow_Leaf_Curl_Virus,12,True
linear_probe_s0,motion_blur,2,Tomato___Bacterial_spot,Tomato___Tomato_Yellow_Leaf_Curl_Virus,11,True
linear_probe_s0,motion_blur,2,Peach___Bacterial_spot,Tomato___Early_blight,10,False
linear_probe_s0,motion_blur,2,Potato___Late_blight,Tomato___Early_blight,10,False
linear_probe_s0,motion_blur,3,Tomato___Bacterial_spot,Tomato___Early_blight,22,True
linear_probe_s0,motion_blur,3,Tomato___Bacterial_spot,Corn_(maize)___Northern_Leaf_Blight,20,False
linear_probe_s0,motion_blur,3,Apple___healthy,Corn_(maize)___healthy,13,False
linear_probe_s0,motion_blur,3,Grape___Esca_(Black_Measles),Tomato___Early_blight,13,False
linear_probe_s0,motion_blur,3,Peach___Bacterial_spot,Corn_(maize)___healthy,13,False
linear_probe_s0,motion_blur,3,Potato___Late_blight,Corn_(maize)___Northern_Leaf_Blight,12,False
linear_probe_s0,motion_blur,3,Tomato___healthy,Corn_(maize)___healthy,12,False
linear_probe_s0,motion_blur,3,Apple___healthy,Corn_(maize)___Northern_Leaf_Blight,11,False
linear_probe_s0,motion_blur,3,Grape___Black_rot,Tomato___Late_blight,11,False
linear_probe_s0,motion_blur,3,Orange___Haunglongbing_(Citrus_greening),Corn_(maize)___healthy,11,False
linear_probe_s0,none,0,Corn_(maize)___Cercospora_leaf_spot_Gray_leaf_spot,Corn_(maize)___Northern_Leaf_Blight,3,True
linear_probe_s0,none,0,Tomato___Target_Spot,Tomato___Spider_mites_Two-spotted_spider_mite,3,True
linear_probe_s0,none,0,Peach___healthy,Peach___Bacterial_spot,2,True
linear_probe_s0,none,0,Tomato___Bacterial_spot,Tomato___Tomato_Yellow_Leaf_Curl_Virus,2,True
linear_probe_s0,none,0,Tomato___Late_blight,Tomato___Early_blight,2,True
linear_probe_s0,none,0,Tomato___Septoria_leaf_spot,Tomato___Late_blight,2,True
linear_probe_s0,none,0,Apple___Apple_scab,Peach___Bacterial_spot,1,False
linear_probe_s0,none,0,Apple___Black_rot,Cherry_(including_sour)___healthy,1,False
linear_probe_s0,none,0,Apple___Cedar_apple_rust,Peach___Bacterial_spot,1,False
linear_probe_s0,none,0,Corn_(maize)___Cercospora_leaf_spot_Gray_leaf_spot,Corn_(maize)___Common_rust_,1,True
linear_probe_s1,gaussian_noise,1,Tomato___Bacterial_spot,Tomato___Target_Spot,27,True
linear_probe_s1,gaussian_noise,1,Tomato___Late_blight,Tomato___Target_Spot,19,True
linear_probe_s1,gaussian_noise,1,Peach___Bacterial_spot,Peach___healthy,12,True
linear_probe_s1,gaussian_noise,1,Tomato___Tomato_Yellow_Leaf_Curl_Virus,Tomato___Spider_mites_Two-spotted_spider_mite,12,True
linear_probe_s1,gaussian_noise,1,Tomato___Early_blight,Tomato___Target_Spot,11,True
linear_probe_s1,gaussian_noise,1,Tomato___Spider_mites_Two-spotted_spider_mite,Tomato___Target_Spot,11,True
linear_probe_s1,gaussian_noise,1,Tomato___Tomato_mosaic_virus,Tomato___Spider_mites_Two-spotted_spider_mite,11,True
linear_probe_s1,gaussian_noise,1,Tomato___Leaf_Mold,Tomato___Spider_mites_Two-spotted_spider_mite,10,True
linear_probe_s1,gaussian_noise,1,Tomato___Late_blight,Potato___Late_blight,7,False
linear_probe_s1,gaussian_noise,1,Tomato___Late_blight,Tomato___Early_blight,7,True
linear_probe_s1,gaussian_noise,2,Tomato___Bacterial_spot,Tomato___Target_Spot,45,True
linear_probe_s1,gaussian_noise,2,Tomato___Spider_mites_Two-spotted_spider_mite,Tomato___Target_Spot,37,True
linear_probe_s1,gaussian_noise,2,Tomato___Tomato_Yellow_Leaf_Curl_Virus,Tomato___Spider_mites_Two-spotted_spider_mite,28,True
linear_probe_s1,gaussian_noise,2,Tomato___Late_blight,Tomato___Target_Spot,27,True
linear_probe_s1,gaussian_noise,2,Tomato___Tomato_Yellow_Leaf_Curl_Virus,Tomato___Target_Spot,24,True
linear_probe_s1,gaussian_noise,2,Tomato___healthy,Tomato___Target_Spot,22,True
linear_probe_s1,gaussian_noise,2,"Pepper,_bell___healthy","Pepper,_bell___Bacterial_spot",16,True
linear_probe_s1,gaussian_noise,2,Tomato___Late_blight,Tomato___Septoria_leaf_spot,16,True
linear_probe_s1,gaussian_noise,2,Tomato___Leaf_Mold,Tomato___Target_Spot,16,True
linear_probe_s1,gaussian_noise,2,Tomato___Early_blight,Tomato___Target_Spot,15,True
linear_probe_s1,gaussian_noise,3,Tomato___Tomato_Yellow_Leaf_Curl_Virus,Tomato___Target_Spot,56,True
linear_probe_s1,gaussian_noise,3,Tomato___Bacterial_spot,Tomato___Target_Spot,47,True
linear_probe_s1,gaussian_noise,3,Tomato___Spider_mites_Two-spotted_spider_mite,Tomato___Target_Spot,43,True
linear_probe_s1,gaussian_noise,3,Tomato___Tomato_Yellow_Leaf_Curl_Virus,Tomato___Septoria_leaf_spot,38,True
linear_probe_s1,gaussian_noise,3,Tomato___Late_blight,Tomato___Septoria_leaf_spot,35,True
linear_probe_s1,gaussian_noise,3,Corn_(maize)___Northern_Leaf_Blight,Corn_(maize)___Cercospora_leaf_spot_Gray_leaf_spot,33,True
linear_probe_s1,gaussian_noise,3,Grape___Black_rot,Tomato___Septoria_leaf_spot,31,False
linear_probe_s1,gaussian_noise,3,Orange___Haunglongbing_(Citrus_greening),Blueberry___healthy,29,False
linear_probe_s1,gaussian_noise,3,Tomato___Tomato_Yellow_Leaf_Curl_Virus,Corn_(maize)___Cercospora_leaf_spot_Gray_leaf_spot,28,False
linear_probe_s1,gaussian_noise,3,Orange___Haunglongbing_(Citrus_greening),Corn_(maize)___Cercospora_leaf_spot_Gray_leaf_spot,26,False
linear_probe_s1,jpeg,1,Tomato___Spider_mites_Two-spotted_spider_mite,Tomato___Target_Spot,8,True
linear_probe_s1,jpeg,1,Tomato___healthy,Tomato___Target_Spot,5,True
linear_probe_s1,jpeg,1,Potato___healthy,Potato___Late_blight,3,True
linear_probe_s1,jpeg,1,Tomato___Early_blight,Tomato___Late_blight,3,True
linear_probe_s1,jpeg,1,Tomato___Late_blight,Potato___Late_blight,3,False
linear_probe_s1,jpeg,1,Tomato___Tomato_mosaic_virus,Tomato___Septoria_leaf_spot,3,True
linear_probe_s1,jpeg,1,Apple___healthy,Peach___Bacterial_spot,2,False
linear_probe_s1,jpeg,1,Corn_(maize)___Cercospora_leaf_spot_Gray_leaf_spot,Corn_(maize)___Northern_Leaf_Blight,2,True
linear_probe_s1,jpeg,1,Corn_(maize)___Common_rust_,Corn_(maize)___Cercospora_leaf_spot_Gray_leaf_spot,2,True
linear_probe_s1,jpeg,1,Corn_(maize)___Northern_Leaf_Blight,Corn_(maize)___Cercospora_leaf_spot_Gray_leaf_spot,2,True
linear_probe_s1,jpeg,2,"Pepper,_bell___healthy","Pepper,_bell___Bacterial_spot",17,True
linear_probe_s1,jpeg,2,Blueberry___healthy,Soybean___healthy,12,False
linear_probe_s1,jpeg,2,Tomato___Spider_mites_Two-spotted_spider_mite,Tomato___Bacterial_spot,11,True
linear_probe_s1,jpeg,2,Tomato___Tomato_mosaic_virus,Tomato___Septoria_leaf_spot,10,True
linear_probe_s1,jpeg,2,Tomato___healthy,Tomato___Septoria_leaf_spot,10,True
linear_probe_s1,jpeg,2,Tomato___Bacterial_spot,Tomato___Septoria_leaf_spot,9,True
linear_probe_s1,jpeg,2,Tomato___Target_Spot,Tomato___Bacterial_spot,9,True
linear_probe_s1,jpeg,2,Peach___healthy,Peach___Bacterial_spot,8,True
linear_probe_s1,jpeg,2,Tomato___Late_blight,Tomato___Septoria_leaf_spot,8,True
linear_probe_s1,jpeg,2,Tomato___Spider_mites_Two-spotted_spider_mite,Tomato___Target_Spot,8,True
linear_probe_s1,jpeg,3,Squash___Powdery_mildew,Tomato___Septoria_leaf_spot,31,False
linear_probe_s1,jpeg,3,Tomato___Bacterial_spot,Tomato___Septoria_leaf_spot,28,True
linear_probe_s1,jpeg,3,Blueberry___healthy,Soybean___healthy,26,False
linear_probe_s1,jpeg,3,"Pepper,_bell___healthy","Pepper,_bell___Bacterial_spot",22,True
linear_probe_s1,jpeg,3,Tomato___Spider_mites_Two-spotted_spider_mite,Tomato___Septoria_leaf_spot,21,True
linear_probe_s1,jpeg,3,Tomato___Tomato_Yellow_Leaf_Curl_Virus,Tomato___Septoria_leaf_spot,21,True
linear_probe_s1,jpeg,3,Tomato___Late_blight,Tomato___Septoria_leaf_spot,19,True
linear_probe_s1,jpeg,3,Tomato___Early_blight,Tomato___Late_blight,18,True
linear_probe_s1,jpeg,3,Tomato___Target_Spot,Tomato___Septoria_leaf_spot,18,True
linear_probe_s1,jpeg,3,Grape___Black_rot,Tomato___Septoria_leaf_spot,17,False
linear_probe_s1,low_light,1,Tomato___Bacterial_spot,Tomato___Target_Spot,24,True
linear_probe_s1,low_light,1,Tomato___Late_blight,Tomato___Target_Spot,22,True
linear_probe_s1,low_light,1,Tomato___Tomato_Yellow_Leaf_Curl_Virus,Tomato___Spider_mites_Two-spotted_spider_mite,17,True
linear_probe_s1,low_light,1,Tomato___Spider_mites_Two-spotted_spider_mite,Tomato___Target_Spot,15,True
linear_probe_s1,low_light,1,Tomato___Early_blight,Tomato___Target_Spot,12,True
linear_probe_s1,low_light,1,Peach___Bacterial_spot,Peach___healthy,9,True
linear_probe_s1,low_light,1,Tomato___Late_blight,"Pepper,_bell___Bacterial_spot",9,False
linear_probe_s1,low_light,1,Tomato___Tomato_mosaic_virus,Tomato___Spider_mites_Two-spotted_spider_mite,8,True
linear_probe_s1,low_light,1,Tomato___Leaf_Mold,Tomato___Spider_mites_Two-spotted_spider_mite,7,True
linear_probe_s1,low_light,1,Tomato___Early_blight,Tomato___Septoria_leaf_spot,6,True
linear_probe_s1,low_light,2,Tomato___Bacterial_spot,Tomato___Target_Spot,43,True
linear_probe_s1,low_light,2,Tomato___Tomato_Yellow_Leaf_Curl_Virus,Tomato___Spider_mites_Two-spotted_spider_mite,34,True
linear_probe_s1,low_light,2,Tomato___Late_blight,Tomato___Target_Spot,26,True
linear_probe_s1,low_light,2,Tomato___Spider_mites_Two-spotted_spider_mite,Tomato___Target_Spot,21,True
linear_probe_s1,low_light,2,Tomato___healthy,Tomato___Target_Spot,20,True
linear_probe_s1,low_light,2,"Pepper,_bell___healthy","Pepper,_bell___Bacterial_spot",19,True
linear_probe_s1,low_light,2,Tomato___Tomato_Yellow_Leaf_Curl_Virus,Tomato___Target_Spot,19,True
linear_probe_s1,low_light,2,Tomato___Late_blight,Tomato___Septoria_leaf_spot,16,True
linear_probe_s1,low_light,2,Tomato___healthy,Tomato___Spider_mites_Two-spotted_spider_mite,13,True
linear_probe_s1,low_light,2,Grape___Black_rot,Tomato___Septoria_leaf_spot,11,False
linear_probe_s1,low_light,3,Tomato___Bacterial_spot,Tomato___Target_Spot,53,True
linear_probe_s1,low_light,3,Tomato___Tomato_Yellow_Leaf_Curl_Virus,Tomato___Target_Spot,53,True
linear_probe_s1,low_light,3,Tomato___Spider_mites_Two-spotted_spider_mite,Tomato___Target_Spot,39,True
linear_probe_s1,low_light,3,Tomato___Late_blight,Tomato___Septoria_leaf_spot,37,True
linear_probe_s1,low_light,3,Orange___Haunglongbing_(Citrus_greening),Blueberry___healthy,36,False
linear_probe_s1,low_light,3,Tomato___Tomato_Yellow_Leaf_Curl_Virus,Tomato___Septoria_leaf_spot,34,True
linear_probe_s1,low_light,3,Corn_(maize)___Northern_Leaf_Blight,Corn_(maize)___Cercospora_leaf_spot_Gray_leaf_spot,29,True
linear_probe_s1,low_light,3,Grape___Esca_(Black_Measles),Tomato___Septoria_leaf_spot,29,False
linear_probe_s1,low_light,3,Grape___Black_rot,Tomato___Septoria_leaf_spot,28,False
linear_probe_s1,low_light,3,Strawberry___Leaf_scorch,Tomato___Septoria_leaf_spot,25,False
linear_probe_s1,motion_blur,1,Tomato___Spider_mites_Two-spotted_spider_mite,Tomato___Tomato_Yellow_Leaf_Curl_Virus,21,True
linear_probe_s1,motion_blur,1,Tomato___Target_Spot,Tomato___Early_blight,18,True
linear_probe_s1,motion_blur,1,Tomato___Bacterial_spot,Tomato___Early_blight,14,True
linear_probe_s1,motion_blur,1,Tomato___Target_Spot,Tomato___Tomato_Yellow_Leaf_Curl_Virus,12,True
linear_probe_s1,motion_blur,1,Tomato___Septoria_leaf_spot,Tomato___Leaf_Mold,9,True
linear_probe_s1,motion_blur,1,Tomato___Bacterial_spot,Tomato___Tomato_Yellow_Leaf_Curl_Virus,8,True
linear_probe_s1,motion_blur,1,Tomato___Septoria_leaf_spot,Tomato___Early_blight,8,True
linear_probe_s1,motion_blur,1,Tomato___Spider_mites_Two-spotted_spider_mite,Tomato___Early_blight,7,True
linear_probe_s1,motion_blur,1,Tomato___Target_Spot,Tomato___Spider_mites_Two-spotted_spider_mite,6,True
linear_probe_s1,motion_blur,1,Tomato___Leaf_Mold,Tomato___Tomato_Yellow_Leaf_Curl_Virus,5,True
linear_probe_s1,motion_blur,2,Tomato___Bacterial_spot,Tomato___Early_blight,42,True
linear_probe_s1,motion_blur,2,Tomato___Target_Spot,Tomato___Early_blight,29,True
linear_probe_s1,motion_blur,2,Tomato___Spider_mites_Two-spotted_spider_mite,Tomato___Tomato_Yellow_Leaf_Curl_Virus,26,True
linear_probe_s1,motion_blur,2,Tomato___healthy,Cherry_(including_sour)___Powdery_mildew,17,False
linear_probe_s1,motion_blur,2,Grape___Black_rot,Tomato___Early_blight,16,False
linear_probe_s1,motion_blur,2,Apple___healthy,Peach___healthy,15,False
linear_probe_s1,motion_blur,2,Tomato___Late_blight,Tomato___Early_blight,15,True
linear_probe_s1,motion_blur,2,Tomato___Spider_mites_Two-spotted_spider_mite,Tomato___Early_blight,15,True
linear_probe_s1,motion_blur,2,Tomato___Bacterial_spot,Tomato___Tomato_Yellow_Leaf_Curl_Virus,14,True
linear_probe_s1,motion_blur,2,Potato___Early_blight,Tomato___Septoria_leaf_spot,11,False
linear_probe_s1,motion_blur,3,Orange___Haunglongbing_(Citrus_greening),Cherry_(including_sour)___Powdery_mildew,36,False
linear_probe_s1,motion_blur,3,Tomato___Bacterial_spot,Tomato___Early_blight,35,True
linear_probe_s1,motion_blur,3,Tomato___healthy,Cherry_(including_sour)___Powdery_mildew,33,False
linear_probe_s1,motion_blur,3,Tomato___Spider_mites_Two-spotted_spider_mite,Tomato___Early_blight,27,True
linear_probe_s1,motion_blur,3,Potato___Early_blight,Cherry_(including_sour)___Powdery_mildew,23,False
linear_probe_s1,motion_blur,3,Tomato___Target_Spot,Tomato___Early_blight,22,True
linear_probe_s1,motion_blur,3,Tomato___Spider_mites_Two-spotted_spider_mite,Cherry_(including_sour)___Powdery_mildew,20,False
linear_probe_s1,motion_blur,3,Grape___Leaf_blight_(Isariopsis_Leaf_Spot),Cherry_(including_sour)___Powdery_mildew,18,False
linear_probe_s1,motion_blur,3,Squash___Powdery_mildew,Cherry_(including_sour)___Powdery_mildew,18,False
linear_probe_s1,motion_blur,3,Tomato___Tomato_Yellow_Leaf_Curl_Virus,Cherry_(including_sour)___Powdery_mildew,18,False
linear_probe_s1,none,0,Grape___Esca_(Black_Measles),Grape___Black_rot,4,True
linear_probe_s1,none,0,Corn_(maize)___Northern_Leaf_Blight,Corn_(maize)___Cercospora_leaf_spot_Gray_leaf_spot,3,True
linear_probe_s1,none,0,Tomato___Late_blight,Tomato___Early_blight,3,True
linear_probe_s1,none,0,Tomato___Septoria_leaf_spot,Tomato___Late_blight,3,True
linear_probe_s1,none,0,Tomato___Target_Spot,Tomato___Spider_mites_Two-spotted_spider_mite,3,True
linear_probe_s1,none,0,Corn_(maize)___Cercospora_leaf_spot_Gray_leaf_spot,Corn_(maize)___Northern_Leaf_Blight,2,True
linear_probe_s1,none,0,Tomato___Bacterial_spot,Tomato___Late_blight,2,True
linear_probe_s1,none,0,Tomato___Bacterial_spot,Tomato___Tomato_Yellow_Leaf_Curl_Virus,2,True
linear_probe_s1,none,0,Tomato___Leaf_Mold,Tomato___Early_blight,2,True
linear_probe_s1,none,0,Tomato___Leaf_Mold,Tomato___Late_blight,2,True
linear_probe_s42,gaussian_noise,1,Tomato___Late_blight,Potato___Late_blight,15,False
linear_probe_s42,gaussian_noise,1,Tomato___Bacterial_spot,Tomato___Target_Spot,11,True
linear_probe_s42,gaussian_noise,1,Tomato___Tomato_mosaic_virus,Tomato___Spider_mites_Two-spotted_spider_mite,11,True
linear_probe_s42,gaussian_noise,1,Tomato___Leaf_Mold,Tomato___Spider_mites_Two-spotted_spider_mite,10,True
linear_probe_s42,gaussian_noise,1,Tomato___Late_blight,Tomato___Target_Spot,9,True
linear_probe_s42,gaussian_noise,1,Peach___Bacterial_spot,Peach___healthy,8,True
linear_probe_s42,gaussian_noise,1,Tomato___Late_blight,Tomato___Early_blight,7,True
linear_probe_s42,gaussian_noise,1,Tomato___Spider_mites_Two-spotted_spider_mite,Tomato___Target_Spot,7,True
linear_probe_s42,gaussian_noise,1,Tomato___Tomato_Yellow_Leaf_Curl_Virus,Tomato___Spider_mites_Two-spotted_spider_mite,7,True
linear_probe_s42,gaussian_noise,1,Tomato___Early_blight,Tomato___Target_Spot,6,True
linear_probe_s42,gaussian_noise,2,Tomato___Bacterial_spot,Tomato___Target_Spot,32,True
linear_probe_s42,gaussian_noise,2,Tomato___Late_blight,Tomato___Septoria_leaf_spot,22,True
linear_probe_s42,gaussian_noise,2,Tomato___Spider_mites_Two-spotted_spider_mite,Tomato___Target_Spot,21,True
linear_probe_s42,gaussian_noise,2,"Pepper,_bell___healthy","Pepper,_bell___Bacterial_spot",19,True
linear_probe_s42,gaussian_noise,2,Apple___healthy,Peach___healthy,14,False
linear_probe_s42,gaussian_noise,2,Tomato___Early_blight,Tomato___Septoria_leaf_spot,14,True
linear_probe_s42,gaussian_noise,2,Peach___Bacterial_spot,Peach___healthy,13,True
linear_probe_s42,gaussian_noise,2,Tomato___Late_blight,Potato___Late_blight,13,False
linear_probe_s42,gaussian_noise,2,Grape___Black_rot,Tomato___Septoria_leaf_spot,11,False
linear_probe_s42,gaussian_noise,2,Tomato___Tomato_Yellow_Leaf_Curl_Virus,"Pepper,_bell___Bacterial_spot",11,False
linear_probe_s42,gaussian_noise,3,Tomato___Late_blight,Tomato___Septoria_leaf_spot,37,True
linear_probe_s42,gaussian_noise,3,Grape___Black_rot,Tomato___Septoria_leaf_spot,34,False
linear_probe_s42,gaussian_noise,3,Tomato___Tomato_Yellow_Leaf_Curl_Virus,Tomato___Septoria_leaf_spot,34,True
linear_probe_s42,gaussian_noise,3,Tomato___Bacterial_spot,Tomato___Target_Spot,33,True
linear_probe_s42,gaussian_noise,3,Orange___Haunglongbing_(Citrus_greening),Soybean___healthy,30,False
linear_probe_s42,gaussian_noise,3,Grape___Esca_(Black_Measles),Tomato___Septoria_leaf_spot,28,False
linear_probe_s42,gaussian_noise,3,"Pepper,_bell___healthy","Pepper,_bell___Bacterial_spot",28,True
linear_probe_s42,gaussian_noise,3,Tomato___Spider_mites_Two-spotted_spider_mite,Tomato___Target_Spot,25,True
linear_probe_s42,gaussian_noise,3,Strawberry___Leaf_scorch,Tomato___Septoria_leaf_spot,24,False
linear_probe_s42,gaussian_noise,3,Potato___Early_blight,Tomato___Septoria_leaf_spot,23,False
linear_probe_s42,jpeg,1,Tomato___Spider_mites_Two-spotted_spider_mite,Tomato___Target_Spot,8,True
linear_probe_s42,jpeg,1,Tomato___healthy,Tomato___Target_Spot,7,True
linear_probe_s42,jpeg,1,Apple___Cedar_apple_rust,Apple___Apple_scab,2,True
linear_probe_s42,jpeg,1,Apple___healthy,Apple___Apple_scab,2,True
linear_probe_s42,jpeg,1,Corn_(maize)___Cercospora_leaf_spot_Gray_leaf_spot,Corn_(maize)___Northern_Leaf_Blight,2,True
linear_probe_s42,jpeg,1,Corn_(maize)___Northern_Leaf_Blight,Corn_(maize)___Cercospora_leaf_spot_Gray_leaf_spot,2,True
linear_probe_s42,jpeg,1,Peach___Bacterial_spot,"Pepper,_bell___Bacterial_spot",2,False
linear_probe_s42,jpeg,1,Peach___healthy,Peach___Bacterial_spot,2,True
linear_probe_s42,jpeg,1,"Pepper,_bell___healthy","Pepper,_bell___Bacterial_spot",2,True
linear_probe_s42,jpeg,1,Tomato___Early_blight,Potato___Late_blight,2,False
linear_probe_s42,jpeg,2,Blueberry___healthy,Soybean___healthy,15,False
linear_probe_s42,jpeg,2,Tomato___Late_blight,Tomato___Septoria_leaf_spot,15,True
linear_probe_s42,jpeg,2,Tomato___Spider_mites_Two-spotted_spider_mite,Tomato___Target_Spot,13,True
linear_probe_s42,jpeg,2,Tomato___healthy,Tomato___Septoria_leaf_spot,12,True
linear_probe_s42,jpeg,2,Tomato___Bacterial_spot,Tomato___Septoria_leaf_spot,11,True
linear_probe_s42,jpeg,2,"Pepper,_bell___healthy","Pepper,_bell___Bacterial_spot",10,True
linear_probe_s42,jpeg,2,Tomato___Early_blight,Tomato___Septoria_leaf_spot,10,True
linear_probe_s42,jpeg,2,Tomato___Leaf_Mold,Tomato___Septoria_leaf_spot,10,True
linear_probe_s42,jpeg,2,Tomato___Spider_mites_Two-spotted_spider_mite,Tomato___Septoria_leaf_spot,9,True
linear_probe_s42,jpeg,2,Tomato___Tomato_mosaic_virus,Tomato___Septoria_leaf_spot,9,True
linear_probe_s42,jpeg,3,Squash___Powdery_mildew,Tomato___Septoria_leaf_spot,40,False
linear_probe_s42,jpeg,3,Tomato___Bacterial_spot,Tomato___Septoria_leaf_spot,36,True
linear_probe_s42,jpeg,3,Blueberry___healthy,Soybean___healthy,33,False
linear_probe_s42,jpeg,3,Tomato___Spider_mites_Two-spotted_spider_mite,Tomato___Septoria_leaf_spot,27,True
linear_probe_s42,jpeg,3,Tomato___Late_blight,Tomato___Septoria_leaf_spot,25,True
linear_probe_s42,jpeg,3,Tomato___Tomato_Yellow_Leaf_Curl_Virus,Tomato___Septoria_leaf_spot,23,True
linear_probe_s42,jpeg,3,Tomato___Leaf_Mold,Tomato___Septoria_leaf_spot,21,True
linear_probe_s42,jpeg,3,Tomato___healthy,Tomato___Septoria_leaf_spot,21,True
linear_probe_s42,jpeg,3,Grape___Black_rot,Tomato___Septoria_leaf_spot,20,False
linear_probe_s42,jpeg,3,Tomato___Target_Spot,Tomato___Septoria_leaf_spot,19,True
linear_probe_s42,low_light,1,Tomato___Bacterial_spot,Tomato___Target_Spot,15,True
linear_probe_s42,low_light,1,Tomato___Spider_mites_Two-spotted_spider_mite,Tomato___Target_Spot,12,True
linear_probe_s42,low_light,1,Tomato___Late_blight,Potato___Late_blight,10,False
linear_probe_s42,low_light,1,Tomato___Late_blight,Tomato___Septoria_leaf_spot,10,True
linear_probe_s42,low_light,1,Tomato___Leaf_Mold,Tomato___Spider_mites_Two-spotted_spider_mite,10,True
linear_probe_s42,low_light,1,Tomato___Tomato_Yellow_Leaf_Curl_Virus,Tomato___Spider_mites_Two-spotted_spider_mite,10,True
linear_probe_s42,low_light,1,Tomato___Tomato_mosaic_virus,Tomato___Spider_mites_Two-spotted_spider_mite,9,True
linear_probe_s42,low_light,1,Tomato___Late_blight,Tomato___Target_Spot,8,True
linear_probe_s42,low_light,1,Tomato___Late_blight,"Pepper,_bell___Bacterial_spot",7,False
linear_probe_s42,low_light,1,Grape___Esca_(Black_Measles),Grape___Black_rot,6,True
linear_probe_s42,low_light,2,Tomato___Bacterial_spot,Tomato___Target_Spot,30,True
linear_probe_s42,low_light,2,"Pepper,_bell___healthy","Pepper,_bell___Bacterial_spot",23,True
linear_probe_s42,low_light,2,Tomato___Late_blight,Tomato___Septoria_leaf_spot,21,True
linear_probe_s42,low_light,2,Tomato___Spider_mites_Two-spotted_spider_mite,Tomato___Target_Spot,16,True
linear_probe_s42,low_light,2,Grape___Black_rot,Tomato___Septoria_leaf_spot,15,False
linear_probe_s42,low_light,2,Tomato___Tomato_Yellow_Leaf_Curl_Virus,Tomato___Spider_mites_Two-spotted_spider_mite,15,True
linear_probe_s42,low_light,2,Tomato___Late_blight,"Pepper,_bell___Bacterial_spot",14,False
linear_probe_s42,low_light,2,Tomato___Late_blight,Potato___Late_blight,13,False
linear_probe_s42,low_light,2,Tomato___Early_blight,Tomato___Septoria_leaf_spot,12,True
linear_probe_s42,low_light,2,Tomato___Tomato_Yellow_Leaf_Curl_Virus,"Pepper,_bell___Bacterial_spot",12,False
linear_probe_s42,low_light,3,Tomato___Late_blight,Tomato___Septoria_leaf_spot,42,True
linear_probe_s42,low_light,3,Tomato___Tomato_Yellow_Leaf_Curl_Virus,Tomato___Septoria_leaf_spot,41,True
linear_probe_s42,low_light,3,Grape___Black_rot,Tomato___Septoria_leaf_spot,31,False
linear_probe_s42,low_light,3,Tomato___Bacterial_spot,Tomato___Target_Spot,31,True
linear_probe_s42,low_light,3,Grape___Esca_(Black_Measles),Tomato___Septoria_leaf_spot,30,False
linear_probe_s42,low_light,3,Tomato___Bacterial_spot,Tomato___Septoria_leaf_spot,27,True
linear_probe_s42,low_light,3,Orange___Haunglongbing_(Citrus_greening),Squash___Powdery_mildew,23,False
linear_probe_s42,low_light,3,"Pepper,_bell___healthy","Pepper,_bell___Bacterial_spot",22,True
linear_probe_s42,low_light,3,Tomato___Tomato_Yellow_Leaf_Curl_Virus,"Pepper,_bell___Bacterial_spot",22,False
linear_probe_s42,low_light,3,Strawberry___Leaf_scorch,Tomato___Septoria_leaf_spot,21,False
linear_probe_s42,motion_blur,1,Tomato___Spider_mites_Two-spotted_spider_mite,Tomato___Tomato_Yellow_Leaf_Curl_Virus,21,True
linear_probe_s42,motion_blur,1,Tomato___Target_Spot,Tomato___Early_blight,20,True
linear_probe_s42,motion_blur,1,Tomato___Bacterial_spot,Tomato___Early_blight,13,True
linear_probe_s42,motion_blur,1,Tomato___Spider_mites_Two-spotted_spider_mite,Tomato___Early_blight,10,True
linear_probe_s42,motion_blur,1,Tomato___Septoria_leaf_spot,Tomato___Early_blight,9,True
linear_probe_s42,motion_blur,1,Tomato___Septoria_leaf_spot,Tomato___Leaf_Mold,9,True
linear_probe_s42,motion_blur,1,Tomato___Bacterial_spot,Tomato___Tomato_Yellow_Leaf_Curl_Virus,8,True
linear_probe_s42,motion_blur,1,Tomato___Late_blight,Tomato___Early_blight,8,True
linear_probe_s42,motion_blur,1,Tomato___Target_Spot,Tomato___Tomato_Yellow_Leaf_Curl_Virus,8,True
linear_probe_s42,motion_blur,1,Peach___Bacterial_spot,Peach___healthy,7,True
linear_probe_s42,motion_blur,2,Tomato___Bacterial_spot,Tomato___Early_blight,46,True
linear_probe_s42,motion_blur,2,Tomato___Spider_mites_Two-spotted_spider_mite,Tomato___Tomato_Yellow_Leaf_Curl_Virus,30,True
linear_probe_s42,motion_blur,2,Tomato___Target_Spot,Tomato___Early_blight,27,True
linear_probe_s42,motion_blur,2,Grape___Black_rot,Tomato___Early_blight,22,False
linear_probe_s42,motion_blur,2,Peach___Bacterial_spot,Tomato___Early_blight,22,False
linear_probe_s42,motion_blur,2,Tomato___Late_blight,Tomato___Early_blight,19,True
linear_probe_s42,motion_blur,2,Tomato___Septoria_leaf_spot,Tomato___Leaf_Mold,18,True
linear_probe_s42,motion_blur,2,Tomato___Spider_mites_Two-spotted_spider_mite,Tomato___Early_blight,17,True
linear_probe_s42,motion_blur,2,Potato___Late_blight,Tomato___Early_blight,15,False
linear_probe_s42,motion_blur,2,Potato___Early_blight,Tomato___Early_blight,12,False
linear_probe_s42,motion_blur,3,Tomato___Bacterial_spot,Tomato___Early_blight,44,True
linear_probe_s42,motion_blur,3,Tomato___Spider_mites_Two-spotted_spider_mite,Tomato___Early_blight,36,True
linear_probe_s42,motion_blur,3,Tomato___Late_blight,Tomato___Early_blight,29,True
linear_probe_s42,motion_blur,3,Grape___Black_rot,Tomato___Early_blight,27,False
linear_probe_s42,motion_blur,3,Tomato___Target_Spot,Tomato___Early_blight,27,True
linear_probe_s42,motion_blur,3,Orange___Haunglongbing_(Citrus_greening),Cherry_(including_sour)___Powdery_mildew,25,False
linear_probe_s42,motion_blur,3,Peach___Bacterial_spot,Tomato___Early_blight,22,False
linear_probe_s42,motion_blur,3,"Pepper,_bell___healthy",Soybean___healthy,20,False
linear_probe_s42,motion_blur,3,Orange___Haunglongbing_(Citrus_greening),Tomato___Tomato_Yellow_Leaf_Curl_Virus,18,False
linear_probe_s42,motion_blur,3,Soybean___healthy,Corn_(maize)___Northern_Leaf_Blight,18,False
linear_probe_s42,none,0,Grape___Esca_(Black_Measles),Grape___Black_rot,3,True
linear_probe_s42,none,0,Tomato___Late_blight,Tomato___Early_blight,3,True
linear_probe_s42,none,0,Corn_(maize)___Northern_Leaf_Blight,Corn_(maize)___Cercospora_leaf_spot_Gray_leaf_spot,2,True
linear_probe_s42,none,0,Tomato___Bacterial_spot,Tomato___Tomato_Yellow_Leaf_Curl_Virus,2,True
linear_probe_s42,none,0,Tomato___Leaf_Mold,Tomato___Tomato_Yellow_Leaf_Curl_Virus,2,True
linear_probe_s42,none,0,Tomato___Septoria_leaf_spot,Tomato___Late_blight,2,True
linear_probe_s42,none,0,Tomato___Target_Spot,Tomato___Spider_mites_Two-spotted_spider_mite,2,True
linear_probe_s42,none,0,Corn_(maize)___Cercospora_leaf_spot_Gray_leaf_spot,Corn_(maize)___Common_rust_,1,True
linear_probe_s42,none,0,Corn_(maize)___Cercospora_leaf_spot_Gray_leaf_spot,Corn_(maize)___Northern_Leaf_Blight,1,True
linear_probe_s42,none,0,Peach___Bacterial_spot,Grape___Black_rot,1,False
