model,corruption,severity,condition,accuracy,macro_f1,mean_confidence,errors,samples,accuracy_drop,relative_accuracy_drop,macro_f1_drop
linear_probe_s42,none,0,Clean,0.9843245735361917,0.9804325439268429,0.9897481203079224,34,2169,0.0,0.0,0.0
linear_probe_s0,none,0,Clean,0.9820193637621023,0.9765602875253169,0.9898278117179871,39,2169,0.0,0.0,0.0
linear_probe_s1,none,0,Clean,0.9801751959428308,0.9767663166479447,0.9884030222892761,43,2169,0.0,0.0,0.0
finetune_s42,none,0,Clean,0.9986168741355463,0.997629350357287,0.9985313415527344,3,2169,0.0,0.0,0.0
finetune_s0,none,0,Clean,0.9990779160903642,0.9980094466936572,0.9995945692062378,2,2169,0.0,0.0,0.0
finetune_s1,none,0,Clean,0.9986168741355463,0.9984288076231502,0.9995605945587158,3,2169,0.0,0.0,0.0
linear_probe_s42,motion_blur,1,Motion blur s1,0.8948824343015215,0.8904835085045777,0.9677536487579346,228,2169,0.08944213923467026,0.09086651053864159,0.08994903542226518
linear_probe_s0,motion_blur,1,Motion blur s1,0.9059474412171508,0.8872589303667282,0.9723190069198608,204,2169,0.07607192254495154,0.07746478873239432,0.08930135715858867
linear_probe_s1,motion_blur,1,Motion blur s1,0.8962655601659751,0.8881844239093658,0.9678305983543396,225,2169,0.08390963577685562,0.0856067732831608,0.08858189273857886
finetune_s42,motion_blur,1,Motion blur s1,0.9820193637621023,0.9767855027854493,0.9893307685852051,39,2169,0.016597510373444035,0.0166204986149585,0.02084384757183766
finetune_s0,motion_blur,1,Motion blur s1,0.9797141539880129,0.9743541476706897,0.9862596988677979,44,2169,0.019363762102351356,0.019381633594831606,0.02365529902296748
finetune_s1,motion_blur,1,Motion blur s1,0.9857076994006455,0.9841569488732924,0.9929677844047546,31,2169,0.01290917473490083,0.01292705447830097,0.014271858749857813
linear_probe_s42,motion_blur,2,Motion blur s2,0.7123098201936376,0.6534485799212815,0.9467355012893677,624,2169,0.2720147533425541,0.2763466042154566,0.3269839640055614
linear_probe_s0,motion_blur,2,Motion blur s2,0.7464269248501614,0.6683623926100579,0.9521681070327759,550,2169,0.23559243891194093,0.23990610328638493,0.30819789491525895
linear_probe_s1,motion_blur,2,Motion blur s2,0.7132319041032734,0.6452195507323047,0.95055091381073,622,2169,0.26694329183955734,0.2723424270931326,0.3315467659156399
finetune_s42,motion_blur,2,Motion blur s2,0.8533886583679114,0.8015463867291129,0.9269260168075562,318,2169,0.1452282157676349,0.14542936288088645,0.196082963628174
finetune_s0,motion_blur,2,Motion blur s2,0.8367911479944675,0.7764502632447904,0.932465136051178,354,2169,0.1622867680958967,0.16243654822335024,0.22155918344886683
finetune_s1,motion_blur,2,Motion blur s2,0.8201936376210235,0.7648228680622765,0.9315029382705688,390,2169,0.17842323651452285,0.17867036011080337,0.23360593956087372
linear_probe_s42,motion_blur,3,Motion blur s3,0.5232826187183034,0.39926678320954484,0.936953067779541,1034,2169,0.46104195481788834,0.46838407494145196,0.581165760717298
linear_probe_s0,motion_blur,3,Motion blur s3,0.5449515905947441,0.40208974403275566,0.934654712677002,987,2169,0.43706777316735823,0.4450704225352113,0.5744705434925612
linear_probe_s1,motion_blur,3,Motion blur s3,0.5048409405255878,0.3792316581187968,0.9393841028213501,1074,2169,0.47533425541724295,0.48494825964252114,0.5975346585291479
finetune_s42,motion_blur,3,Motion blur s3,0.5850622406639004,0.46422392604560353,0.8583534955978394,900,2169,0.4135546334716459,0.41412742382271467,0.5334054243116835
finetune_s0,motion_blur,3,Motion blur s3,0.5781466113416321,0.45628998639411944,0.8847112059593201,915,2169,0.4209313047487321,0.42131979695431465,0.5417194602995378
finetune_s1,motion_blur,3,Motion blur s3,0.5643153526970954,0.4535579984542631,0.876805305480957,945,2169,0.4343015214384509,0.43490304709141275,0.5448708091688872
linear_probe_s42,low_light,1,Low light + sensor noise s1,0.8898109727985246,0.8579872999729248,0.9651638865470886,239,2169,0.09451360073766712,0.09601873536299767,0.12244524395391809
linear_probe_s0,low_light,1,Low light + sensor noise s1,0.8930382664822499,0.8576299801548317,0.9721078872680664,232,2169,0.08898109727985237,0.09061032863849756,0.11893030737048516
linear_probe_s1,low_light,1,Low light + sensor noise s1,0.8736745043798986,0.8442606221821667,0.9664859771728516,274,2169,0.10650069156293218,0.1086547507055503,0.13250569446577798
finetune_s42,low_light,1,Low light + sensor noise s1,0.875979714153988,0.8799821752959281,0.9560089707374573,269,2169,0.12263715998155833,0.12280701754385966,0.1176471750613588
finetune_s0,low_light,1,Low light + sensor noise s1,0.9064084831719686,0.9010451662443174,0.9702717065811157,203,2169,0.09266943291839558,0.09275496077526535,0.0969642804493398
finetune_s1,low_light,1,Low light + sensor noise s1,0.8861226371599815,0.9019502521431583,0.9635403156280518,247,2169,0.11249423697556482,0.11265004616805176,0.09647855547999196
linear_probe_s42,low_light,2,Low light + sensor noise s2,0.7869986168741355,0.7400294821662611,0.9536306262016296,462,2169,0.1973259566620562,0.20046838407494144,0.2404030617605818
linear_probe_s0,low_light,2,Low light + sensor noise s2,0.7842323651452282,0.7312648734622315,0.9614706635475159,468,2169,0.1977869986168741,0.20140845070422533,0.24529541406308542
linear_probe_s1,low_light,2,Low light + sensor noise s2,0.7551867219917012,0.7035118478848913,0.9548798203468323,531,2169,0.22498847395112953,0.22953904045155218,0.27325446876305337
finetune_s42,low_light,2,Low light + sensor noise s2,0.5504840940525588,0.4922062022304956,0.8436180353164673,975,2169,0.4481327800829875,0.44875346260387805,0.5054231481267913
finetune_s0,low_light,2,Low light + sensor noise s2,0.6104195481788843,0.5609916095178734,0.869278609752655,845,2169,0.3886583679114799,0.3890170742962621,0.4370178371757838
finetune_s1,low_light,2,Low light + sensor noise s2,0.4541263254956201,0.42670249386796416,0.8738741278648376,1184,2169,0.5444905486399263,0.5452446906740536,0.571726313755186
linear_probe_s42,low_light,3,Low light + sensor noise s3,0.45873674504379897,0.3461303702891396,0.927543044090271,1174,2169,0.5255878284923927,0.5339578454332552,0.6343021736377032
linear_probe_s0,low_light,3,Low light + sensor noise s3,0.4389119409866298,0.3139774010823676,0.9403200745582581,1217,2169,0.5431074227754725,0.5530516431924882,0.6625828864429493
linear_probe_s1,low_light,3,Low light + sensor noise s3,0.4149377593360996,0.3129755737074532,0.9307273030281067,1269,2169,0.5652374366067312,0.5766698024459078,0.6637907429404915
finetune_s42,low_light,3,Low light + sensor noise s3,0.13831258644536654,0.08503910267893863,0.5573362112045288,1869,2169,0.8603042876901799,0.8614958448753464,0.9125902476783483
finetune_s0,low_light,3,Low light + sensor noise s3,0.1396957123098202,0.08626450914624169,0.6079823970794678,1866,2169,0.8593822037805441,0.8601753576372866,0.9117449375474155
finetune_s1,low_light,3,Low light + sensor noise s3,0.13047487321346243,0.1178909399612883,0.6825621724128723,1886,2169,0.8681420009220839,0.8693444136657433,0.8805378676618619
linear_probe_s42,gaussian_noise,1,Gaussian noise control s1,0.8958045182111573,0.864927744624167,0.9687929749488831,226,2169,0.08852005532503449,0.0899297423887587,0.11550479930267588
linear_probe_s0,gaussian_noise,1,Gaussian noise control s1,0.8958045182111573,0.8663759567730647,0.9751697778701782,226,2169,0.08621484555094505,0.08779342723004686,0.1101843307522522
linear_probe_s1,gaussian_noise,1,Gaussian noise control s1,0.8773628400184417,0.8468582471485243,0.9687741994857788,266,2169,0.10281235592438909,0.10489181561618059,0.12990806949942035
finetune_s42,gaussian_noise,1,Gaussian noise control s1,0.8123559243891194,0.8038549988366477,0.9399425387382507,407,2169,0.18626094974642693,0.18651892890120036,0.19377435152063927
finetune_s0,gaussian_noise,1,Gaussian noise control s1,0.8566159520516367,0.8481656755536208,0.9512141942977905,311,2169,0.14246196403872757,0.14259344716197514,0.14984377114003644
finetune_s1,gaussian_noise,1,Gaussian noise control s1,0.8132780082987552,0.8272940218025133,0.9423667788505554,405,2169,0.18533886583679116,0.18559556786703602,0.1711347858206369
linear_probe_s42,gaussian_noise,2,Gaussian noise control s2,0.7869986168741355,0.7385593577103733,0.956700325012207,462,2169,0.1973259566620562,0.20046838407494144,0.24187318621646958
linear_probe_s0,gaussian_noise,2,Gaussian noise control s2,0.7786998616874136,0.7258239986173021,0.9596608281135559,480,2169,0.20331950207468874,0.2070422535211267,0.2507362889080148
linear_probe_s1,gaussian_noise,2,Gaussian noise control s2,0.7385892116182573,0.6884489982416397,0.953506350517273,567,2169,0.24158598432457346,0.24647224835371584,0.2883173184063049
finetune_s42,gaussian_noise,2,Gaussian noise control s2,0.4859382203780544,0.4175421751829388,0.8240122199058533,1115,2169,0.5126786537574919,0.5133887349953832,0.5800871751743482
finetune_s0,gaussian_noise,2,Gaussian noise control s2,0.5532503457814661,0.49748349141961085,0.8461515307426453,969,2169,0.4458275703088981,0.4462390401476696,0.5005259552740464
finetune_s1,gaussian_noise,2,Gaussian noise control s2,0.4153988012909175,0.38970071428772735,0.8541558384895325,1268,2169,0.5832180728446288,0.5840258541089566,0.6087280933354229
linear_probe_s42,gaussian_noise,3,Gaussian noise control s3,0.433840479483633,0.3306300440494025,0.9263275861740112,1228,2169,0.5504840940525587,0.5592505854800937,0.6498024998774403
linear_probe_s0,gaussian_noise,3,Gaussian noise control s3,0.4227754725680037,0.3021491992761068,0.9394924640655518,1252,2169,0.5592438911940987,0.5694835680751175,0.67441108824921
linear_probe_s1,gaussian_noise,3,Gaussian noise control s3,0.3946519133241125,0.2980382836407081,0.9291254878044128,1313,2169,0.5855232826187182,0.5973659454374411,0.6787280330072365
finetune_s42,gaussian_noise,3,Gaussian noise control s3,0.13462425080682341,0.08057064771177753,0.5438103675842285,1877,2169,0.863992623328723,0.8651892890120038,0.9170587026455094
finetune_s0,gaussian_noise,3,Gaussian noise control s3,0.13692946058091288,0.08166466334060088,0.6049686670303345,1872,2169,0.8621484555094514,0.8629441624365483,0.9163447833530564
finetune_s1,gaussian_noise,3,Gaussian noise control s3,0.12770862148455508,0.11535816384662553,0.6657418608665466,1892,2169,0.8709082526509913,0.8721144967682364,0.8830706437765247
linear_probe_s42,jpeg,1,JPEG compression s1,0.9626556016597511,0.952765928204096,0.9813158512115479,81,2169,0.02166897187644068,0.022014051522248168,0.027666615722746868
linear_probe_s0,jpeg,1,JPEG compression s1,0.9594283079760259,0.9426243386581993,0.980339765548706,88,2169,0.022591055786076453,0.02300469483568067,0.033935948867117594
linear_probe_s1,jpeg,1,JPEG compression s1,0.9580451821115722,0.9426415352715459,0.9780070781707764,91,2169,0.022130013831258566,0.022577610536218172,0.03412478137639874
finetune_s42,jpeg,1,JPEG compression s1,0.9953895804518211,0.9929934583188236,0.9940140843391418,10,2169,0.0032272936837252075,0.0032317636195752426,0.004635892038463374
finetune_s0,jpeg,1,JPEG compression s1,0.9935454126325496,0.9913956274488571,0.9949054718017578,14,2169,0.0055325034578146415,0.0055376095985232845,0.00661381924480009
finetune_s1,jpeg,1,JPEG compression s1,0.9986168741355463,0.9982550192587945,0.9982560276985168,3,2169,0.0,0.0,0.00017378836435577583
linear_probe_s42,jpeg,2,JPEG compression s2,0.8423236514522822,0.7908826126377795,0.9488452672958374,342,2169,0.14200092208390958,0.14426229508196717,0.1895499312890634
linear_probe_s0,jpeg,2,JPEG compression s2,0.8326417704011065,0.7772895713387561,0.9548023343086243,363,2169,0.14937759336099576,0.15211267605633794,0.19927071618656078
linear_probe_s1,jpeg,2,JPEG compression s2,0.8395573997233748,0.7797227886704663,0.946546733379364,348,2169,0.14061779621945592,0.14346190028222008,0.19704352797747837
finetune_s42,jpeg,2,JPEG compression s2,0.9479022591055786,0.9407163440033464,0.9537455439567566,113,2169,0.05071461502996777,0.05078485687903975,0.05691300635394059
finetune_s0,jpeg,2,JPEG compression s2,0.9442139234670355,0.9408295669198106,0.9679571390151978,121,2169,0.05486399262332875,0.05491462851868946,0.05717987977384664
finetune_s1,jpeg,2,JPEG compression s2,0.9529737206085753,0.9522396204704217,0.9714160561561584,102,2169,0.045643153526971014,0.0457063711911358,0.04618918715272857
linear_probe_s42,jpeg,3,JPEG compression s3,0.6468418626094975,0.5642726512659882,0.9305883646011353,766,2169,0.33748271092669424,0.3428571428571428,0.4161598926608546
linear_probe_s0,jpeg,3,JPEG compression s3,0.6376210235131397,0.5379796632480653,0.9398497343063354,786,2169,0.34439834024896265,0.3507042253521127,0.43858062427725153
linear_probe_s1,jpeg,3,JPEG compression s3,0.6523743660673121,0.5466936856375499,0.9294905066490173,754,2169,0.3278008298755186,0.33443085606773276,0.4300726310103947
finetune_s42,jpeg,3,JPEG compression s3,0.7648686030428768,0.7149451596301777,0.8009011149406433,510,2169,0.2337482710926695,0.2340720221606649,0.28268419072710926
finetune_s0,jpeg,3,JPEG compression s3,0.7556477639465191,0.6990736007459344,0.8735588192939758,530,2169,0.2434301521438451,0.2436548223350254,0.2989358459477228
finetune_s1,jpeg,3,JPEG compression s3,0.7611802674043338,0.7453432269181652,0.8722941875457764,518,2169,0.23743660673121258,0.2377654662973223,0.253085580704985
