test_image,nearest_train_image,hamming_distance,same_class
PlantVillage/test/Apple___Apple_scab/ab7d0d06-b45c-4472-a708-c2a1d65ee748___FREC_Scab_3152.JPG,PlantVillage/train/Apple___Apple_scab/08c42d78-aa7b-4106-b0c1-b260f898dcba___FREC_Scab_3151.JPG,5,True
PlantVillage/test/Apple___Black_rot/30aebb07-bde6-44c8-bee2-a06ff42a948d___JR_FrgE.S_3071.JPG,PlantVillage/train/Apple___Black_rot/fb8255a6-e05d-44d3-a115-80c1e55009bd___JR_FrgE.S_3074.JPG,5,True
PlantVillage/test/Apple___Cedar_apple_rust/24f68f21-8edb-49df-b0f1-d75ac66631fd___FREC_C.Rust_9937.JPG,PlantVillage/train/Soybean___healthy/d7ecd9d1-eb91-4567-90a1-617746cec736___RS_HL_3254.JPG,4,False
PlantVillage/test/Apple___healthy/3df0da99-6c5d-4520-b396-9616e81f8935___RS_HL_6031.JPG,PlantVillage/train/Apple___healthy/de864ffe-aea2-4c80-bd60-adfc8787be7f___RS_HL_5985.JPG,5,True
PlantVillage/test/Apple___healthy/9d3bb139-5177-4d08-914b-5fe232cff065___RS_HL_6011.JPG,PlantVillage/train/Apple___healthy/130a93b4-92ca-4883-b003-37954a929dbf___RS_HL_7855.JPG,4,True
PlantVillage/test/Blueberry___healthy/2334df59-2b20-423b-8a02-8ea999b39ac2___RS_HL_2656.JPG,PlantVillage/train/Blueberry___healthy/054d69b5-0b6e-4fd0-b36d-3fd9f2945182___RS_HL_2666.JPG,3,True
PlantVillage/test/Cherry_(including_sour)___Powdery_mildew/3928d15a-b841-4524-a5be-b34546c358f2___FREC_Pwd.M_0324.JPG,PlantVillage/train/Cherry_(including_sour)___Powdery_mildew/324c0529-3992-4015-91f2-1f8c8b87940f___FREC_Pwd.M_0323.JPG,5,True
PlantVillage/test/Cherry_(including_sour)___Powdery_mildew/649736d0-34ae-4764-b959-8fd67989a038___FREC_Pwd.M_0361.JPG,PlantVillage/train/Cherry_(including_sour)___Powdery_mildew/2379a24b-53be-4b4d-84bd-e16bce210f16___FREC_Pwd.M_0360.JPG,4,True
PlantVillage/test/Cherry_(including_sour)___Powdery_mildew/937668de-0516-4a8a-870b-9cbaaf83d0fa___FREC_Pwd.M_0437.JPG,PlantVillage/train/Cherry_(including_sour)___Powdery_mildew/8af92c46-f8c4-4b63-a9db-8718f2ac1dd4___FREC_Pwd.M_0438.JPG,3,True
PlantVillage/test/Cherry_(including_sour)___healthy/8aacd48c-7710-4171-9738-7105a075cf22___JR_HL_4227.JPG,PlantVillage/train/Cherry_(including_sour)___healthy/79d33f58-35b7-45fa-b078-696375860260___JR_HL_4046.JPG,5,True
PlantVillage/test/Corn_(maize)___Northern_Leaf_Blight/ed700cb4-fa84-4c56-bcf4-f2c21ce53e12___RS_NLB_4040.JPG,PlantVillage/train/Corn_(maize)___Northern_Leaf_Blight/ff1721eb-609e-4476-983d-a372b7469ab0___RS_NLB_4039_copy_2.jpg,5,True
PlantVillage/test/Corn_(maize)___healthy/6aaf943e-fb16-4f8f-86c5-dc36724e25e5___R.S_HL_0607.JPG,PlantVillage/train/Corn_(maize)___healthy/49ecc957-9ec7-45f7-a3c9-d1e63cf224df___R.S_HL_0607_copy_2.jpg,0,True
PlantVillage/test/Grape___Esca_(Black_Measles)/49c6ee9e-8bc4-4187-82db-b9caba8bb168___FAM_B.Msls_1134.JPG,PlantVillage/train/Grape___Esca_(Black_Measles)/b7afda87-9d7d-4986-8c65-a0839dea2418___FAM_B.Msls_4183.JPG,5,True
PlantVillage/test/Grape___Leaf_blight_(Isariopsis_Leaf_Spot)/c08c3e56-4192-40a6-9b51-8733e642dafa___FAM_L.Blight_1422.JPG,PlantVillage/train/Grape___Leaf_blight_(Isariopsis_Leaf_Spot)/9be77817-23c5-469e-8363-eb1d115f9bb0___FAM_L.Blight_1470.JPG,4,True
PlantVillage/test/Orange___Haunglongbing_(Citrus_greening)/43064e65-08d1-43a0-9d33-430f4f820580___UF.Citrus_HLB_Lab_1129.JPG,PlantVillage/train/Orange___Haunglongbing_(Citrus_greening)/e115a0a7-c035-4bdd-b1d0-c2cf633a805a___UF.Citrus_HLB_Lab_1128.JPG,5,True
PlantVillage/test/Orange___Haunglongbing_(Citrus_greening)/5fb67cb6-c318-4119-a545-de6fe46afc81___CREC_HLB_4032.JPG,PlantVillage/train/Orange___Haunglongbing_(Citrus_greening)/068215ce-b2fe-46b2-be51-4876fbbcfca5___CREC_HLB_7354.JPG,5,True
PlantVillage/test/Orange___Haunglongbing_(Citrus_greening)/7f78e310-3b1b-4cb2-ab91-359e2dc2c4a7___UF.Citrus_HLB_Lab_1647.JPG,PlantVillage/train/Orange___Haunglongbing_(Citrus_greening)/1f063981-94f8-4509-8aef-06ca270224b7___UF.Citrus_HLB_Lab_1648.JPG,5,True
PlantVillage/test/Orange___Haunglongbing_(Citrus_greening)/92b86a67-3fd9-4fe9-97f5-1a9973f2d731___UF.Citrus_HLB_Lab_1227.JPG,PlantVillage/train/Orange___Haunglongbing_(Citrus_greening)/33b1804a-3d79-4672-be07-6c567e5c8e52___UF.Citrus_HLB_Lab_1598.JPG,5,True
PlantVillage/test/Orange___Haunglongbing_(Citrus_greening)/9b95a55c-1769-4023-a5cd-a5f0b7abb299___CREC_HLB_5526.JPG,PlantVillage/train/Orange___Haunglongbing_(Citrus_greening)/35f16024-14f3-43d6-8e35-8acf193f5753___CREC_HLB_6402.JPG,4,True
PlantVillage/test/Orange___Haunglongbing_(Citrus_greening)/9e34716b-984a-4dd1-9799-fc4e0a93af12___UF.Citrus_HLB_Lab_9913.JPG,PlantVillage/train/Orange___Haunglongbing_(Citrus_greening)/b90cd57a-3ec1-4b81-9e16-2b741a53e2ee___UF.Citrus_HLB_Lab_9911.JPG,3,True
PlantVillage/test/Orange___Haunglongbing_(Citrus_greening)/9fe8f6a6-c1de-4897-9e30-66125ace4a31___UF.Citrus_HLB_Lab_1136.JPG,PlantVillage/train/Orange___Haunglongbing_(Citrus_greening)/ee1cb6cb-e891-4aea-8024-695ae62527ce___UF.Citrus_HLB_Lab_1137.JPG,3,True
PlantVillage/test/Orange___Haunglongbing_(Citrus_greening)/a4d039d2-edf6-4534-87b3-4217ddc57f8a___UF.Citrus_HLB_Lab_9836.JPG,PlantVillage/train/Orange___Haunglongbing_(Citrus_greening)/794f1705-fdb7-4904-a51e-357054240c8e___UF.Citrus_HLB_Lab_9837.JPG,5,True
PlantVillage/test/Orange___Haunglongbing_(Citrus_greening)/dc1601b5-e642-4517-bad8-6d62504fb39b___CREC_HLB_7277.JPG,PlantVillage/train/Orange___Haunglongbing_(Citrus_greening)/0473880a-569c-48e8-942b-18e257dd517f___CREC_HLB_7770.JPG,5,True
"PlantVillage/test/Pepper,_bell___healthy/253b8420-d8a7-4278-8f5c-b1a0dd709138___JR_HL_8214.JPG","PlantVillage/train/Pepper,_bell___healthy/0dd09705-5593-4d01-9a9b-c1d5857daf92___JR_HL_8212.JPG",4,True
"PlantVillage/test/Pepper,_bell___healthy/95c8741a-b5a8-4e49-baad-2015bcaf5c3f___JR_HL_5811.JPG",PlantVillage/train/Soybean___healthy/6dd79096-40a9-4b5c-b138-1c8455831b8c___RS_HL_7452.JPG,4,False
"PlantVillage/test/Pepper,_bell___healthy/f460de9c-14ab-4bac-8cb6-b25c958ae78f___JR_HL_8596.JPG","PlantVillage/train/Pepper,_bell___healthy/432a3897-5e80-45d6-b795-4fa206a58e26___JR_HL_8595.JPG",4,True
PlantVillage/test/Raspberry___healthy/102dcdc7-69ca-443d-a5e5-7c861092fa4e___Mary_HL_9259.JPG,PlantVillage/train/Raspberry___healthy/aebc17a4-00bc-4a37-9942-7ada247ddb48___Mary_HL_9258.JPG,5,True
PlantVillage/test/Soybean___healthy/12a2ab1f-a6f1-475a-8cd6-59b03fdede6f___RS_HL_4315.JPG,PlantVillage/train/Soybean___healthy/c9c1448e-a241-4de3-aea3-0f727cbf4d87___RS_HL_4609.JPG,5,True
PlantVillage/test/Soybean___healthy/789b51b7-b797-4e43-b8b1-30876a96f435___RS_HL_6341.JPG,PlantVillage/train/Soybean___healthy/9c40fa63-b98c-4fec-9edc-02fb4e99ef38___RS_HL_6342.JPG,5,True
PlantVillage/test/Soybean___healthy/82413c3b-1c29-44dc-9628-2dbd6c203aa2___RS_HL_3747.JPG,"PlantVillage/train/Pepper,_bell___healthy/4f975b18-03dc-444d-a1fd-67a4fe0143a6___JR_HL_5944.JPG",5,False
PlantVillage/test/Soybean___healthy/a3a32405-c5d8-477f-ad36-e56f5d93b514___RS_HL_5690.JPG,PlantVillage/train/Soybean___healthy/c1b8e227-f434-41ea-8bd5-11eeab5b2be6___RS_HL_5692.JPG,4,True
PlantVillage/test/Soybean___healthy/ad40241e-be50-45da-bdbb-d1fc8d5936cb___RS_HL_7282.JPG,PlantVillage/train/Soybean___healthy/e0a406de-76ce-4043-b099-303349f352f8___RS_HL_7280.JPG,5,True
PlantVillage/test/Soybean___healthy/b22f2758-59c2-48dc-8933-da544082304c___RS_HL_6283.JPG,PlantVillage/train/Soybean___healthy/aeeb787e-97c2-403a-941d-925e553909c8___RS_HL_6358.JPG,4,True
PlantVillage/test/Soybean___healthy/b5bc1904-2878-4303-a676-728d15fee13d___RS_HL_4728.JPG,PlantVillage/train/Soybean___healthy/fbbd6e2f-fc81-4b10-9226-c100da7c0c6f___RS_HL_2776.JPG,5,True
PlantVillage/test/Soybean___healthy/c1585706-72f3-4fbd-ad20-99cbabb395b4___RS_HL_6482.JPG,PlantVillage/train/Soybean___healthy/0029bef1-201b-4dcc-9f84-d01dfc24785d___RS_HL_6484.JPG,5,True
PlantVillage/test/Soybean___healthy/c8c6e3cd-ed78-4f67-b754-50cf3305f896___RS_HL_7336.JPG,PlantVillage/train/Soybean___healthy/c9863d1d-d53f-49f0-8b82-06ddaad80d66___RS_HL_7337.JPG,5,True
PlantVillage/test/Soybean___healthy/ce6cab93-e023-4222-889f-26f3b71f873e___RS_HL_6863.JPG,PlantVillage/train/Soybean___healthy/0a9686bd-a501-4aa4-9574-0105e78f14b7___RS_HL_7175.JPG,5,True
PlantVillage/test/Soybean___healthy/d020a15e-d0eb-42d2-a99d-309ad669461c___RS_HL_6907.JPG,PlantVillage/train/Soybean___healthy/1d75b252-8608-423f-b28d-a20d0e5e7d33___RS_HL_6905.JPG,5,True
PlantVillage/test/Tomato___Bacterial_spot/767eb77f-de18-4314-a465-4df8d442f468___GCREC_Bact.Sp_5951.JPG,PlantVillage/train/Tomato___Bacterial_spot/cf155207-09bc-454e-a31b-0d469c9bb3d7___GCREC_Bact.Sp_2989.JPG,5,True
PlantVillage/test/Tomato___Bacterial_spot/f1cc12b3-3116-4b31-81fc-6383303f84ae___UF.GRC_BS_Lab_Leaf_0352.JPG,PlantVillage/train/Tomato___Bacterial_spot/25a52867-003f-4390-a80d-03c63c038e9a___UF.GRC_BS_Lab_Leaf_0341.JPG,4,True
PlantVillage/test/Tomato___Leaf_Mold/fb134b57-4763-4598-a0ee-ec7aa7e95d35___Crnl_L.Mold_6695.JPG,PlantVillage/train/Cherry_(including_sour)___healthy/ba0ab3c3-f12f-4fbd-875c-d68198c21f3a___JR_HL_9781.JPG,5,False
PlantVillage/test/Tomato___Spider_mites_Two-spotted_spider_mite/de35bfb0-60b8-4a97-8ae5-e0f34a9302ff___Com.G_SpM_FL_9276.JPG,PlantVillage/train/Blueberry___healthy/201aef7f-4e1c-4197-ae37-66ca340909bc___RS_HL_0672.JPG,5,False
PlantVillage/test/Tomato___Spider_mites_Two-spotted_spider_mite/edd90a56-3a0f-4b3c-a55e-0e0a73bdf18d___Com.G_SpM_FL_1689.JPG,PlantVillage/train/Tomato___Spider_mites_Two-spotted_spider_mite/edfb0fe5-a10c-469d-9346-802e68dfcd58___Com.G_SpM_FL_9390.JPG,5,True
PlantVillage/test/Tomato___Target_Spot/c6fc37bf-8462-49c9-ac5c-a5f078e34ea4___Com.G_TgS_FL_7958.JPG,PlantVillage/train/Tomato___Spider_mites_Two-spotted_spider_mite/e13060fe-90fb-49c9-ab46-9a4cfd68c02a___Com.G_SpM_FL_1749.JPG,4,False
PlantVillage/test/Tomato___Tomato_Yellow_Leaf_Curl_Virus/1240c7a7-a64a-4659-8849-5451c205208d___UF.GRC_YLCV_Lab_01888.JPG,PlantVillage/train/Tomato___Tomato_Yellow_Leaf_Curl_Virus/08f78a80-46f5-45a6-937c-4d05d61c08c2___UF.GRC_YLCV_Lab_01895.JPG,4,True
PlantVillage/test/Tomato___Tomato_Yellow_Leaf_Curl_Virus/67b7c85c-f6e2-419f-b3a7-20bcae8c3afa___UF.GRC_YLCV_Lab_01429.JPG,PlantVillage/train/Tomato___Tomato_Yellow_Leaf_Curl_Virus/853a1beb-80b1-4fcd-87c6-1668bfa0c92d___UF.GRC_YLCV_Lab_01428.JPG,5,True
PlantVillage/test/Tomato___Tomato_Yellow_Leaf_Curl_Virus/93e49a6e-2920-4cf5-bb45-75364a2692d8___YLCV_GCREC_2035.JPG,PlantVillage/train/Apple___healthy/bde3160c-8a91-4169-908c-62b3429dc829___RS_HL_5981.JPG,5,False
PlantVillage/test/Tomato___Tomato_Yellow_Leaf_Curl_Virus/9a6fede1-174f-45eb-9870-9f9d372c7f6b___UF.GRC_YLCV_Lab_02696.JPG,PlantVillage/train/Tomato___Tomato_Yellow_Leaf_Curl_Virus/71a426ae-9e4b-4428-9c00-90113a9d128e___UF.GRC_YLCV_Lab_02686.JPG,5,True
PlantVillage/test/Tomato___Tomato_Yellow_Leaf_Curl_Virus/b379ab04-3780-4283-b388-2a038b773d79___UF.GRC_YLCV_Lab_01389.JPG,PlantVillage/train/Tomato___Tomato_Yellow_Leaf_Curl_Virus/19ead445-c37c-4a22-b3fb-02510e66b553___UF.GRC_YLCV_Lab_01388.JPG,5,True
PlantVillage/test/Tomato___Tomato_Yellow_Leaf_Curl_Virus/ea824bff-58c4-402e-936c-70bc49912701___UF.GRC_YLCV_Lab_02667.JPG,PlantVillage/train/Tomato___Tomato_Yellow_Leaf_Curl_Virus/5741aac8-276f-4654-afc7-ebb939c3d4b8___UF.GRC_YLCV_Lab_02665.JPG,5,True
PlantVillage/test/Tomato___healthy/92c06519-cec4-4091-9ae1-5ea8b56c89cd___GH_HL_Leaf_525.JPG,PlantVillage/train/Tomato___healthy/fde29807-8223-4fc5-a06b-7cc93101a6d1___GH_HL_Leaf_174.JPG,5,True
